ID,Route
1111,"Qingdao,Kaohsiung,Yantian,Shanghai,Ningbo,Tacoma,Vancouver,Tokyo,Osaka,Qingdao"
,
,
,
,
,
,
,
,
,
,
,
,
,
,
,
,
,
,
,
,
,
,
,
,
,
,
,
,
,
,
,
,
,
,
,
,
,
,
,
,
,
,
,
,
,
,
,
,
,
,
,
,
,
,
,
,
,
,
,
,
,
,
,
,
,
,
,
,
,
,
,
,
,
,
,
,
,
,
,
,
,
,
,
,
,
,
,
,
,
,
,
,
,
,
,
,
,
,
,
,
,
,
,
,
,
,
,
,
,
,
,
,
,
,
,
,
,
,
,
,
,
,
,
,
,
,
,
,
,
,
,
,
,
,
,
,
,
,
,
,
,
,
,
,
,
,
,
,
,
,
,
,
,
,
,
,
,
,
,
,
,
,
,
,
,
,
,
,
,
,
,
,
,
,
,
,
,
,
,
,
,
,
,
,
,
,
,
,
,
,
,
,
,
,
,
,
,
,
,
,
9055_1,"Rotterdam,Antwerp,Cork,Dublin,Belfast,Liverpool,Greenock"
9055_2,"Rotterdam,Antwerp,Felixstowe,Tilbury,Southampton"
9055_3,"Rotterdam,Antwerp,Immingham,Grangemouth,Tees,South Shields"
9056,"Le Havre,Dunkirk,Antwerp,Rotterdam,Cork,Waterford,Warrenpoint,Belfast,Dublin"
9068,"Antwerp,Le Havre,Montoir,Vigo,Casablanca,Cadiz,Valencia,Cadiz,Sines,Leixoes,Vigo,Montoir,Le Havre,Antwerp"
9069,"Le Havre,Antwerp,Liverpool,Bristol,Brest,Le Havre"
9111,"Cardiff,Dublin,Cardiff"
9341,"Felixstowe,Antwerp,Rotterdam,Valencia,Beirut,Alexandria,Mersin,Iskenderun,Naples,La Spezia,Felixstowe"
9350,"Le Havre,Felixstowe,Bremerhaven,Hamburg,Antwerp,Sines,Piraeus,Istanbul,Gemlik,Tekirdag,Aliaga,Sines,Le Havre"
9352,"Felixstowe,Rotterdam,Antwerp,Gioia Tauro,Piraeus,Thessaloniki,Izmir,Piraeus,Sines,Felixstowe"
9353,"Felixstowe,Antwerp,Istanbul,Istanbul,Gemlik,Felixstowe"
9356,"Felixstowe,Rotterdam,Bremerhaven,Antwerp,Limassol,Ashdod,Haifa,Alexandria,Ashdod,Felixstowe"
9416,"Liverpool,Dublin,Leixoes,Castellon,Salerno,Piraeus,Limassol,Ashdod,Haifa,Mersin,Salerno,Castellon,Leixoes,Liverpool"
9635_1,"Marsaxlokk,Casablanca,Agadir,Tangier"
9635_2,"Marsaxlokk,Algiers,Oran,Bejaia,Annaba,Skikda,Djen Djen"
9635_3,"Marsaxlokk,Tunis,Sfax,Tunis,Bizerte,Sousse"
9636,"Marseille,Barcelona,Valencia,Genoa,Algiers,Annaba,Bejaia,Skikda,Djen Djen,Tunis,Sfax"
9650,"Castellon,Barcelona,Marseille,Genoa,Piraeus,Istanbul,Istanbul,Izmir,Salerno,Marseille,Barcelona,Genoa,Castellon,Casablanca,Castellon"
9651,"Barcelona,Marseille,Genoa,Limassol,Haifa,Ashdod,Alexandria,Salerno,Barcelona"
9652,"Ravenna,Venice,Limassol,Alexandria,Ashdod,Haifa,Limassol,Ravenna"
9668,"Haifa,Ashdod,Koper,Venice,Ravenna,Durres,Haifa"
9680,"Gioia Tauro,Piraeus,Aliaga,Yarimca,Tekirdag,Gemlik,Istanbul,Novorossisk,Constantza,Tekirdag,Istanbul,Istanbul,Tekirdag,Aliaga,Piraeus,Gioia Tauro"
9682,"Gioia Tauro,Venice,Ancona,Ravenna,Trieste,Piraeus,Limassol,Beirut,Alexandria,Gioia Tauro"
9705,"Salerno,Genoa,Misurata,Alexandria,Beirut,Salerno"
9713,"La Spezia,Genoa,Marsaxlokk,Misurata,Tripoli (Libya),La Spezia"
9714,"La Spezia,Casablanca,La Spezia"
9715,"La Spezia,Genoa,Algiers,La Spezia"
9740,"Valencia,Barcelona,Castellon,Algiers,Oran,Bejaia,Skikda,Annaba"
9741,"Gioia Tauro,Tunis,Gioia Tauro"
9785,"Izmir,Yarimca,Istanbul,Piraeus,Algiers,Bizerte,Izmir"
9797,"Damietta,Port Said,Tobruk,Tripoli (Libya),Al Khoms,Misurata,Damietta"
9803,"Marseille,Algiers,Bejaia,Marseille"
9808,"Barcelona,Castellon,Alicante,Oran,Algiers,Barcelona"
9827,"Valencia,Barcelona,Marseille,Oran,Algiers,Valencia"
9833,"Barcelona,Valencia,Castellon,Algiers,Oran,Skikda"
9838,"Castellon,Barcelona,Alexandria,Misurata,Sfax,Tunis,Bizerte,Casablanca,Castellon"
10611,"Antwerp,Rotterdam,Bremerhaven,Norfolk,Charleston,Port Everglades,Houston,Norfolk,Antwerp"
10612,"Bremerhaven,Felixstowe,Antwerp,Le Havre,NewYork-NewJersey,Baltimore,Norfolk,Savannah,NewYork-NewJersey,Bremerhaven"
10613,"Antwerp,Felixstowe,Rotterdam,Bremerhaven,Le Havre,Charleston,Savannah,Freeport (Bah),Veracruz,Altamira,New Orleans,Mobile,Freeport (Bah),Savannah,Charleston,Antwerp"
10615,"Antwerp,Bremerhaven,Rotterdam,Boston,NewYork-NewJersey,Philadelphia,Cristobal,Philadelphia,Antwerp"
10625,"Algeciras,Valencia,Gioia Tauro,Naples,Livorno,La Spezia,Genoa,Valencia,Algeciras,Sines,NewYork-NewJersey,Boston,Baltimore,Norfolk,Savannah,Charleston,Algeciras"
10626,"Gioia Tauro,Naples,La Spezia,Barcelona,Valencia,Algeciras,Sines,Freeport (Bah),Port Everglades,Veracruz,Altamira,Houston,New Orleans,Miami,Freeport (Bah),Sines,Algeciras,Barcelona,Gioia Tauro"
10901,"Bremerhaven,Antwerp,London-Gateway,Norfolk,Philadelphia,NewYork-NewJersey,Halifax,Bremerhaven"
10902,"London-Gateway,Le Havre,Rotterdam,Bremerhaven,NewYork-NewJersey,Charleston,Savannah,London-Gateway"
10903,"Antwerp,Bremerhaven,Southampton,Charleston,Port Everglades,Houston,Savannah,Norfolk,Antwerp"
10904,"Southampton,Antwerp,Bremerhaven,Le Havre,Veracruz,Altamira,Houston,New Orleans,Mobile,Southampton"
10905,"Southampton,Rotterdam,Hamburg,Antwerp,Le Havre,Savannah,Cartagena (Col),Los Angeles,Oakland,Tacoma,Vancouver (US),Oakland,Los Angeles,Balboa,Cartagena (Col),Caucedo,Savannah,Southampton"
11122,"Southampton,Antwerp,Rotterdam,Bremerhaven,Le Havre,NewYork-NewJersey,Norfolk,Savannah,Charleston,Southampton"
11123,"Le Havre,Antwerp,Rotterdam,Bremerhaven,Charleston,Savannah,Miami,Veracruz,Altamira,Houston,New Orleans,Le Havre"
16121,"Algeciras,Marsaxlokk,Salerno,Livorno,Genoa,Fos,Barcelona,Valencia,NewYork-NewJersey,Norfolk,Savannah,Miami,Algeciras"
16306,"Salerno,Livorno,La Spezia,Genoa,Fos,Halifax,NewYork-NewJersey,Norfolk,Savannah,Salerno"
16307,"Ashdod,Haifa,Izmir,Piraeus,Barcelona,Tarragona,Valencia,Algeciras,Halifax,NewYork-NewJersey,Norfolk,Savannah,Valencia,Tarragona,Mersin,Ashdod"
18251,"Gioia Tauro,Livorno,Genoa,Montreal,Gioia Tauro"
18252,"Valencia,Sines,Montreal,Sines,Barcelona,Valencia"
20451,"Yokohama,Hakata,Busan,Dalian,Qingdao,Dutch Harbor,Kodiak,Dutch Harbor,Yokohama"
20653,"Qingdao,Tianjin,Shanghai,Ningbo-Zhoushan,Savannah,Charleston,Wilmington (NC),Jacksonville,Busan,Qingdao"
20654,"Qingdao,Ningbo-Zhoushan,Shanghai,Xiamen,Shenzhen,Busan,Houston,Mobile,Freeport (Bah),Balboa,Busan,Qingdao"
20655,"Singapore,Shenzhen,Shenzhen,Hong Kong,Ningbo-Zhoushan,Shanghai,Busan,NewYork-NewJersey,Baltimore,Norfolk,Suez Canal,Salalah,Colombo,Singapore"
20658,"Guangzhou,Shenzhen,Ningbo-Zhoushan,Shanghai,Busan,Prince Rupert,Vancouver (Canada),Busan,Guangzhou"
20661,"Kaohsiung,Shenzhen,Xiamen,Shanghai,Busan,Vancouver (Canada),Seattle,Yokohama,Busan,Kaohsiung"
20666,"Hong Kong,Shenzhen,Shanghai,Busan,Cristobal,Savannah,Norfolk,Charleston,Miami,Freeport (Bah),Hong Kong"
20668,"Tianjin,Qingdao,Ningbo-Zhoushan,Busan,Yokohama,Long Beach,Oakland,Tianjin"
20671,"Xiamen,Kaohsiung,Shenzhen,Shenzhen,Ho Chi Minh City,Singapore,Salalah,Suez Canal,NewYork-NewJersey,Norfolk,Charleston,Savannah,Miami,Freeport (Bah),NewYork-NewJersey,Suez Canal,Singapore,Xiamen"
20701,"Fuzhou,Guangzhou,Hong Kong,Shenzhen,Xiamen,Los Angeles,Oakland,Fuzhou"
20702,"Tianjin,Qingdao,Shanghai,Prince Rupert,Long Beach,Oakland,Tianjin"
20703,"Los Angeles,Oakland,Hong Kong,Ho Chi Minh City,Singapore,Port Kelang,Colombo,Suez Canal,Halifax,NewYork-NewJersey,Norfolk,Savannah,Charleston,Suez Canal,Port Kelang,Singapore,Jakarta,Laem Chabang,Ho Chi Minh City,Los Angeles"
20704,"Dalian,Lianyungang,Shanghai,Ningbo-Zhoushan,Long Beach,Seattle,Dalian"
20705,"Qingdao,Shanghai,Ningbo-Zhoushan,Los Angeles,Oakland,Tokyo,Nagoya,Qingdao"
20706,"Kaohsiung,Ho Chi Minh City,Shenzhen,Hong Kong,Shenzhen,Kaohsiung,Long Beach,Kaohsiung"
20707,"Taipei,Xiamen,Shenzhen,Shenzhen,Los Angeles,Oakland,Taipei"
20708,"Shenzhen,Hong Kong,Kaohsiung,Taipei,Los Angeles,Oakland,Tacoma,Kaohsiung,Shenzhen"
20709,"Busan,Ningbo-Zhoushan,Shanghai,Busan,Long Beach,Busan"
20711,"Shenzhen,Xiamen,Ningbo-Zhoushan,Shanghai,Busan,Seattle,Vancouver (Canada),Yokohama,Shenzhen"
20712,"Singapore,Ho Chi Minh City,Hong Kong,Shenzhen,Ningbo-Zhoushan,Shanghai,Prince Rupert,Vancouver (US),Yokohama,Qingdao,Ningbo-Zhoushan,Shanghai,Busan,NewYork-NewJersey,Boston,Norfolk,Suez Canal,Singapore"
20713,"Hong Kong,Shenzhen,Kaohsiung,Shanghai,Ningbo-Zhoushan,Tacoma,Vancouver (Canada),Tokyo,Osaka,Qingdao,Hong Kong"
20714,"Shenzhen,Hong Kong,Shenzhen,Kaohsiung,Vancouver (Canada),Seattle,Busan,Kaohsiung,Shenzhen"
20722,"Xiamen,Kaohsiung,Hong Kong,Shenzhen,Colon,NewYork-NewJersey,Baltimore,Norfolk,Suez Canal,Xiamen"
20724,"Qingdao,Ningbo-Zhoushan,Shanghai,Busan,Savannah,Charleston,NewYork-NewJersey,Colon,Qingdao"
20725,"Hong Kong,Shenzhen,Ningbo-Zhoushan,Shanghai,NewYork-NewJersey,Norfolk,Savannah,Charleston,Suez Canal,Hong Kong"
20726,"Singapore,Hong Kong,Shenzhen,Shanghai,Ningbo-Zhoushan,Busan,Houston,Mobile,New Orleans,Miami,Jacksonville,Suez Canal,Singapore"
20727,"Shanghai,Ningbo-Zhoushan,Xiamen,Shenzhen,Houston,Mobile,Shanghai"
20751,"Kobe,Nagoya,Tokyo,Sendai,Los Angeles,Oakland,Tokyo,Nagoya,Kobe"
20752,"Kobe,Nagoya,Shimizu,Tokyo,Long Beach,Oakland,Tokyo,Kobe"
20753,"Singapore,Laem Chabang,Ho Chi Minh City,Hong Kong,Los Angeles,Oakland,Tokyo,Hong Kong,Singapore"
20754,"Shenzhen,Hong Kong,Shenzhen,Kaohsiung,Keelung,Los Angeles,Oakland,Keelung,Kaohsiung,Shenzhen"
20755,"Shanghai,Ningbo-Zhoushan,Los Angeles,Oakland,Shanghai"
20756,"Busan,Qingdao,Ningbo-Zhoushan,Shanghai,Busan,Long Beach,Oakland,Busan"
20757,"Xiamen,Hong Kong,Shenzhen,Los Angeles,Xiamen"
20758,"Busan,Kwangyang,Dalian,Tianjin,Qingdao,Busan,Los Angeles,Oakland,Busan"
20771,"Qingdao,Shanghai,Nagoya,Tokyo,Tacoma,Vancouver (Canada),Tokyo,Nagoya,Kobe,Qingdao"
20772,"Singapore,Laem Chabang,Ho Chi Minh City,Kaohsiung,Shenzhen,Tacoma,Vancouver (Canada),Tokyo,Kobe,Kaohsiung,Singapore"
20773,"Hong Kong,Shenzhen,Ningbo-Zhoushan,Shanghai,Busan,Vancouver (Canada),Seattle,Busan,Hong Kong"
20781,"Ningbo-Zhoushan,Shanghai,Busan,Tokyo,Manzanillo (Pan),Savannah,Jacksonville,Charleston,Norfolk,Manzanillo (Pan),Balboa,Los Angeles,Oakland,Tokyo,Kobe,Ningbo-Zhoushan"
20782,"Qingdao,Ningbo-Zhoushan,Shanghai,Busan,NewYork-NewJersey,Boston,Wilmington (NC),Savannah,Busan,Qingdao"
20783,"Kaohsiung,Xiamen,Hong Kong,Shenzhen,Shanghai,Savannah,Charleston,Norfolk,Balboa,Busan,Kaohsiung"
20784,"Kaohsiung,Hong Kong,Shenzhen,Ho Chi Minh City,Singapore,Suez Canal,NewYork-NewJersey,Norfolk,Savannah,Jacksonville,Charleston,Suez Canal,Singapore,Kaohsiung"
20785,"Laem Chabang,Ho Chi Minh City,Singapore,Colombo,Suez Canal,Halifax,NewYork-NewJersey,Savannah,Norfolk,Halifax,Suez Canal,Jebel Ali,Singapore,Laem Chabang"
22808,"Qingdao,Shanghai,Busan,Los Angeles,Oakland,Dutch Harbor,Yokohama,Busan,Naha,Qingdao"
26501,"Qingdao,Shanghai,Ningbo-Zhoushan,Los Angeles,Oakland,Qingdao"
26502,"Xiamen,Guangzhou,Hong Kong,Shenzhen,Long Beach,Xiamen"
26675,"Qingdao,Ningbo-Zhoushan,Shanghai,Busan,Kingston,Savannah,Charleston,Norfolk,NewYork-NewJersey,Halifax,Kingston,Qingdao"
26677,"Kaohsiung,Shenzhen,Shenzhen,Ho Chi Minh City,Port Kelang,Colombo,Suez Canal,NewYork-NewJersey,Norfolk,Wilmington (NC),Savannah,Suez Canal,Port Kelang,Kaohsiung"
27011,"Qingdao,Ningbo-Zhoushan,Shanghai,Kwangyang,Busan,Long Beach,Tacoma,Busan,Kwangyang,Inchon,Qingdao"
27012,"Laem Chabang,Ho Chi Minh City,Hong Kong,Shenzhen,Kaohsiung,Busan,Los Angeles,Oakland,Busan,Kaohsiung,Hong Kong,Laem Chabang"
27014,"Hong Kong,Shenzhen,Kaohsiung,Shanghai,Busan,Tacoma,Vancouver (US),Tokyo,Busan,Kaohsiung,Hong Kong"
27021,"Ningbo-Zhoushan,Shanghai,Kwangyang,Busan,Long Beach,Busan,Kwangyang,Ningbo-Zhoushan"
30640,"Port Said,Beirut,Gioia Tauro,La Spezia,Genoa,Fos,Barcelona,Valencia,Marsaxlokk,Salalah,Singapore,Shenzhen,Shanghai,Dalian,Tianjin,Busan,Ningbo-Zhoushan,Shanghai,Shenzhen,Shenzhen,Singapore,Port Said"
30641,"Marsaxlokk,Barcelona,Valencia,La Spezia,Gioia Tauro,Port Said,King Abdullah,Jebel Ali,Singapore,Shenzhen,Xiamen,Qingdao,Busan,Ningbo-Zhoushan,Shanghai,Xiamen,Guangzhou,Shenzhen,Shenzhen,Singapore,Marsaxlokk"
30645,"Yarimca,Istanbul,Tekirdag,Piraeus,King Abdullah,Jebel Ali,Singapore,Shenzhen,Qingdao,Busan,Shanghai,Ningbo-Zhoushan,Xiamen,Shenzhen,Singapore,King Abdullah,Yarimca"
30651,"Felixstowe,Rotterdam,Southampton,Bremerhaven,Rotterdam,Tangier,Salalah,Colombo,Singapore,Ningbo-Zhoushan,Shanghai,Hong Kong,Shenzhen,Tanjung Pelepas,Colombo,Felixstowe"
30652,"Felixstowe,Antwerp,Rotterdam,Algeciras,Singapore,Hong Kong,Shenzhen,Tianjin,Qingdao,Busan,Shanghai,Ningbo-Zhoushan,Shenzhen,Tanjung Pelepas,Algeciras,Felixstowe"
30653,"Bremerhaven,Hamburg,Goteborg,Aarhus,Wilhelmshaven,Bremerhaven,Rotterdam,Singapore,Shanghai,Tianjin,Qingdao,Busan,Ningbo-Zhoushan,Shanghai,Shenzhen,Tanjung Pelepas,Tangier,Bremerhaven"
30656,"Rotterdam,Bremerhaven,Gdansk,Wilhelmshaven,Felixstowe,Tanjung Pelepas,Shanghai,Dalian,Busan,Kwangyang,Ningbo-Zhoushan,Shanghai,Xiamen,Shenzhen,Tanjung Pelepas,Rotterdam"
30657,"Rotterdam,Hamburg,Bremerhaven,Wilhelmshaven,Felixstowe,Antwerp,Le Havre,Tangier,Salalah,Jebel Ali,Ningbo-Zhoushan,Shanghai,Tanjung Pelepas,Rotterdam"
30781,"Felixstowe,Rotterdam,Gdansk,Wilhelmshaven,Felixstowe,Singapore,Shenzhen,Shanghai,Ningbo-Zhoushan,Xiamen,Shenzhen,Singapore,Felixstowe"
30782,"Rotterdam,Hamburg,Antwerp,Shanghai,Tianjin,Dalian,Qingdao,Shanghai,Ningbo-Zhoushan,Singapore,Piraeus,Rotterdam"
30783,"Antwerp,Hamburg,Rotterdam,Felixstowe,Southampton,Piraeus,Tanjung Pelepas,Singapore,Hong Kong,Ningbo-Zhoushan,Shanghai,Hong Kong,Guangzhou,Shenzhen,Tanjung Pelepas,Port Kelang,Piraeus,Antwerp"
30784,"Southampton,Dunkirk,Hamburg,Rotterdam,Zeebrugge,Le Havre,Khor Fakkan,Port Kelang,Xiamen,Tianjin,Busan,Ningbo-Zhoushan,Shanghai,Shenzhen,Singapore,Algeciras,Southampton"
30785,"Le Havre,Rotterdam,Hamburg,Antwerp,Le Havre,Marsaxlokk,Jeddah,Guangzhou,Qingdao,Ningbo-Zhoushan,Shanghai,Shenzhen,Ho Chi Minh City,Singapore,Le Havre"
30786,"Rotterdam,Felixstowe,Hamburg,Rotterdam,Colombo,Kaohsiung,Ningbo-Zhoushan,Shanghai,Taipei,Shenzhen,Colombo,Rotterdam"
30788,"Felixstowe,Rotterdam,Gdansk,Wilhelmshaven,Felixstowe,Singapore,Shenzhen,Shanghai,Ningbo-Zhoushan,Xiamen,Shenzhen,Singapore,Felixstowe"
30789,"Felixstowe,Rotterdam,Felixstowe,Singapore,Shenzhen,Shanghai,Ningbo-Zhoushan,Xiamen,Shenzhen,Singapore,Felixstowe"
30791,"Piraeus,La Spezia,Genoa,Fos,Valencia,Piraeus,Jeddah,Colombo,Singapore,Hong Kong,Qingdao,Shanghai,Ningbo-Zhoushan,Kaohsiung,Hong Kong,Shenzhen,Singapore,Piraeus"
30792,"Marsaxlokk,Valencia,Barcelona,Fos,Genoa,Marsaxlokk,Beirut,Jeddah,Jebel Ali,Port Kelang,Xiamen,Qingdao,Busan,Shanghai,Ningbo-Zhoushan,Guangzhou,Shenzhen,Singapore,Marsaxlokk"
30793,"Port Said,Beirut,Piraeus,Yarimca,Istanbul,Constantza,Odessa,Istanbul,Mersin,Port Said,Jeddah,Port Kelang,Busan,Shanghai,Ningbo-Zhoushan,Kaohsiung,Xiamen,Shenzhen,Singapore,Port Said"
30794,"Ashdod,Haifa,Alexandria,Piraeus,Jeddah,Tanjung Pelepas,Shenzhen,Kaohsiung,Qingdao,Shanghai,Ningbo-Zhoushan,Taipei,Shenzhen,Shenzhen,Singapore,Tanjung Pelepas,Ashdod"
30795,"Marsaxlokk,Koper,Trieste,Rijeka,Venice,Koper,Marsaxlokk,Damietta,Jeddah,Port Kelang,Shenzhen,Shanghai,Ningbo-Zhoushan,Busan,Shenzhen,Singapore,Port Said,Marsaxlokk"
30796,"Southampton,Rotterdam,Port Kelang,Singapore,Laem Chabang,Jakarta,Singapore,Port Kelang,Tangier,Southampton"
30821,"Rotterdam,Hamburg,Southampton,Le Havre,Singapore,Kobe,Nagoya,Shimizu,Tokyo,Singapore,Jeddah,Rotterdam"
30822,"Southampton,Hamburg,Rotterdam,Le Havre,Tangier,Jebel Ali,Hong Kong,Tianjin,Dalian,Qingdao,Shanghai,Ningbo-Zhoushan,Hong Kong,Shenzhen,Singapore,Tangier,Southampton"
30823,"Rotterdam,Hamburg,Antwerp,London-Gateway,Piraeus,Singapore,Hong Kong,Xiamen,Kaohsiung,Shenzhen,Rotterdam"
30824,"Rotterdam,Hamburg,Antwerp,Southampton,Shenzhen,Shenzhen,Busan,Ningbo-Zhoushan,Shanghai,Rotterdam"
30825,"Rotterdam,Hamburg,Antwerp,London-Gateway,Jeddah,Colombo,Singapore,Laem Chabang,Ho Chi Minh City,Singapore,Colombo,Rotterdam"
30831,"Barcelona,Valencia,Fos,Genoa,Damietta,Singapore,Shenzhen,Qingdao,Shanghai,Ningbo-Zhoushan,Shenzhen,Singapore,Damietta,Barcelona"
30832,"Genoa,La Spezia,Barcelona,Valencia,Singapore,Hong Kong,Busan,Ningbo-Zhoushan,Shanghai,Kaohsiung,Shenzhen,Singapore,Jeddah,Genoa"
30833,"Ashdod,Piraeus,Istanbul,Izmir,Mersin,Jeddah,Singapore,Kaohsiung,Busan,Shanghai,Ningbo-Zhoushan,Shenzhen,Singapore,Jeddah,Ashdod"
32316,"Hamburg,Goteborg,Antwerp,Genoa,Istanbul,Port Said,Bandar Abbas,Damietta,Hamburg"
35131,"Tangier,Fos,Genoa,Marsaxlokk,Damietta,Jeddah,Khor Fakkan,Jebel Ali,Karachi,Mundra,Mumbai,Jeddah,Marsaxlokk,La Spezia,Genoa,Barcelona,Valencia,Tangier"
35141,"Hamburg,Antwerp,London-Gateway,Tangier,Jeddah,Khor Fakkan,Jebel Ali,Karachi,Mumbai,Mundra,Jeddah,Tangier,Hamburg"
35231,"Istanbul,Constantza,Novorossisk,Chornomorsk,Constantza,Istanbul,Iskenderun,Damietta,Port Said,Jeddah,Salalah,Jebel Ali,Pipavav,Hazira,Mumbai,Jebel Ali,Salalah,Port Said,Damietta,Yarimca,Istanbul"
35232,"Port Said,Marsaxlokk,Tangier,Algeciras,Valencia,Barcelona,Genoa,Port Said,Jeddah,Salalah,Jebel Ali,Dammam,Jubail,Abu Dhabi,Jebel Ali,Salalah,Jeddah,Aqaba,Port Said"
35331,"Felixstowe,Hamburg,Antwerp,Rotterdam,Sines,Gioia Tauro,King Abdullah,Colombo,Mumbai,Mundra,King Abdullah,Piraeus,Barcelona,Felixstowe"
35332,"Southampton,Rotterdam,Antwerp,Felixstowe,Dunkirk,Le Havre,King Abdullah,Djibouti,Karachi,Mumbai,Hazira,Mundra,King Abdullah,Gioia Tauro,Tangier,Southampton"
35334,"Port Said,Mersin,Istanbul,Tekirdag,Piraeus,Iskenderun,King Abdullah,Salalah,Jebel Ali,Doha,Jubail,Sohar,Mundra,Mumbai,Hazira,Salalah,King Abdullah,Port Said"
35351,"Alexandria,Haifa,Mersin,Istanbul,Mundra,Mumbai,Hazira,Colombo,Alexandria"
35901,"Karachi,Mumbai,Mundra,Haifa,Valencia,NewYork-NewJersey,Savannah,Charleston,Freeport (Bah),Barcelona,King Abdullah,Jebel Ali,Karachi"
35961,"Damietta,Piraeus,Marsaxlokk,Aliaga,Mersin,Port Said,Khor Fakkan,Karachi,Mundra,Mumbai,Djibouti,Jeddah,Damietta"
36038,"Singapore,Tanjung Pelepas,Jebel Ali,Djibouti,Jeddah,Port Sudan,Djibouti,Salalah,Laem Chabang,Singapore"
36040,"Tianjin,Qingdao,Busan,Shanghai,Guangzhou,Tanjung Pelepas,Chennai,Krishnapatnam,Visakhapatnam,Tanjung Pelepas,Tianjin"
36041,"Tianjin,Dalian,Qingdao,Busan,Kwangyang,Ningbo-Zhoushan,Guangzhou,Singapore,Tanjung Pelepas,Colombo,Mumbai,Mundra,Singapore,Tianjin"
36044,"Shanghai,Ningbo-Zhoushan,Xiamen,Hong Kong,Shenzhen,Singapore,Colombo,Mumbai,Pipavav,Colombo,Port Kelang,Singapore,Hong Kong,Shanghai"
36050,"Shanghai,Ningbo-Zhoushan,Shenzhen,Singapore,Colombo,Jebel Ali,Dammam,Umm Qasr,Doha,Shanghai"
36052,"Ningbo-Zhoushan,Shanghai,Guangzhou,Shenzhen,Singapore,Colombo,Salalah,Djibouti,King Abdullah,Sokhna,Aqaba,King Abdullah,Salalah,Singapore,Ningbo-Zhoushan"
36076,"Busan,Shanghai,Ningbo-Zhoushan,Shenzhen,Singapore,Port Kelang,Colombo,Cochin,Mumbai,Mundra,Jebel Ali,Bandar Abbas,Bandar Imam Khomeini,Jebel Ali,Hazira,Cochin,Port Kelang,Hong Kong,Busan"
36077,"Kwangyang,Busan,Ningbo-Zhoushan,Shenzhen,Singapore,Port Kelang,Mumbai,Mundra,Karachi,Port Kelang,Hong Kong,Qingdao,Kwangyang"
36101,"Tianjin,Dalian,Busan,Shanghai,Ningbo-Zhoushan,Shenzhen,Singapore,Khor Fakkan,Jebel Ali,Abu Dhabi,Sohar,Port Kelang,Singapore,Shenzhen,Tianjin"
36102,"Qingdao,Shanghai,Ningbo-Zhoushan,Shenzhen,Singapore,Jebel Ali,Sohar,Doha,Dammam,Jubail,Singapore,Ningbo-Zhoushan,Qingdao"
36103,"Lianyungang,Qingdao,Ningbo-Zhoushan,Hong Kong,Shenzhen,Singapore,Jebel Ali,Bahrain,Dammam,Jubail,Port Kelang,Lianyungang"
36104,"Shanghai,Ningbo-Zhoushan,Taipei,Shenzhen,Tanjung Pelepas,Port Kelang,Jebel Ali,Bandar Abbas,Port Kelang,Hong Kong,Shanghai"
36105,"Shanghai,Ningbo-Zhoushan,Guangzhou,Singapore,Jebel Ali,Abu Dhabi,Dammam,Singapore,Guangzhou,Shanghai"
36111,"Shanghai,Ningbo-Zhoushan,Taipei,Shenzhen,Tanjung Pelepas,Singapore,Jeddah,Sokhna,Aqaba,Jeddah,Singapore,Shanghai"
36112,"Shanghai,Ningbo-Zhoushan,Xiamen,Shenzhen,Singapore,Djibouti,Jeddah,Aqaba,Port Sudan,Djibouti,Port Kelang,Shanghai"
36145,"Busan,Qingdao,Shanghai,Shenzhen,Singapore,Port Kelang,Chennai,Visakhapatnam,Port Kelang,Singapore,Manila,Busan"
36183,"Tianjin,Qingdao,Shanghai,Ningbo-Zhoushan,Guangzhou,Shenzhen,Singapore,Djibouti,Jeddah,Sokhna,Aqaba,Djibouti,Singapore,Ningbo-Zhoushan,Tianjin"
36184,"Tianjin,Qingdao,Shanghai,Ningbo-Zhoushan,Guangzhou,Shenzhen,Singapore,Djibouti,Jeddah,Sokhna,Aqaba,Djibouti,Singapore,Ningbo-Zhoushan,Tianjin"
36251,"Singapore,Port Kelang,Bandar Abbas,Colombo,Singapore"
36252,"Qingdao,Tianjin,Inchon,Busan,Lianyungang,Shanghai,Jebel Ali,Bandar Abbas,Qingdao"
36253,"Shanghai,Ningbo-Zhoushan,Xiamen,Shenzhen,Singapore,Bandar Abbas,Jebel Ali,Kaohsiung,Shanghai"
36284,"Qingdao,Shanghai,Ningbo-Zhoushan,Shenzhen,Singapore,Port Kelang,Karachi,Karachi,Karachi,Singapore,Hong Kong,Qingdao"
36285,"Shanghai,Ningbo-Zhoushan,Xiamen,Singapore,Karachi,Shanghai"
36301,"Busan,Qingdao,Shanghai,Ningbo-Zhoushan,Shenzhen,Singapore,Jebel Ali,Dammam,Jubail,Abu Dhabi,Port Kelang,Singapore,Ningbo-Zhoushan,Busan"
36501,"Shanghai,Ningbo-Zhoushan,Shenzhen,Singapore,Port Kelang,Mumbai,Pipavav,Colombo,Port Kelang,Singapore,Ho Chi Minh City,Hong Kong,Shanghai"
36502,"Laem Chabang,Singapore,Pipavav,Karachi,Karachi,Mumbai,Colombo,Port Kelang,Singapore,Laem Chabang"
36503,"Qingdao,Shanghai,Ningbo-Zhoushan,Shenzhen,Singapore,Port Kelang,Mumbai,Penang,Port Kelang,Hong Kong,Qingdao"
36661,"Kwangyang,Busan,Shanghai,Ningbo-Zhoushan,Shenzhen,Singapore,Port Kelang,Mumbai,Mundra,Karachi,Port Kelang,Singapore,Shenzhen,Hong Kong,Kwangyang"
36663,"Tianjin,Qingdao,Shanghai,Ningbo-Zhoushan,Shenzhen,Port Kelang,Colombo,Karachi,Jebel Ali,Colombo,Port Kelang,Singapore,Tianjin"
36812,"Laem Chabang,Singapore,Port Kelang,Chennai,Port Kelang,Singapore,Laem Chabang"
36818,"Osaka,Kobe,Yokkaichi,Yokohama,Tokyo,Hong Kong,Singapore,Port Kelang,Mumbai,Karachi,Pipavav,Colombo,Port Kelang,Singapore,Ho Chi Minh City,Shenzhen,Hong Kong,Osaka"
37272,"Tianjin,Qingdao,Kaohsiung,Singapore,Port Kelang,Mumbai,Mundra,Colombo,Port Kelang,Singapore,Tianjin"
37322,"Busan,Ulsan,Shanghai,Ningbo-Zhoushan,Shenzhen,Singapore,Port Kelang,Chennai,Kattupalli,Krishnapatnam,Port Kelang,Singapore,Cai Lan,Busan"
37403,"Kwangyang,Busan,Ningbo-Zhoushan,Kaohsiung,Shenzhen,Shenzhen,Singapore,Port Kelang,Jebel Ali,Bandar Abbas,Dammam,Abu Dhabi,Singapore,Hong Kong,Kwangyang"
37404,"Tianjin,Qingdao,Ningbo-Zhoushan,Singapore,Port Kelang,Mumbai,Mundra,Hazira,Colombo,Port Kelang,Singapore,Tianjin"
37414,"Shanghai,Ningbo-Zhoushan,Kaohsiung,Hong Kong,Shenzhen,Singapore,Port Kelang,Jebel Ali,Bandar Abbas,Port Kelang,Singapore,Shenzhen,Shanghai"
37415,"Qingdao,Shanghai,Ningbo-Zhoushan,Singapore,Port Kelang,Karachi,Mundra,Colombo,Port Kelang,Qingdao"
37416,"Fuzhou,Hong Kong,Guangzhou,Shenzhen,Singapore,Port Kelang,Colombo,Karachi,Mundra,Singapore,Fuzhou"
37445,"Shanghai,Ningbo-Zhoushan,Shenzhen,Singapore,Karachi,Mundra,Port Kelang,Singapore,Hong Kong,Shanghai"
37504,"Jeddah,Aqaba,Jeddah"
37507,"Jeddah,Djibouti,Aden,Jeddah"
37508,"Jeddah,Aqaba,Jeddah,Port Sudan,Sokhna,Jeddah"
37515,"Khor Fakkan,Jebel Ali,Abu Dhabi,Sharjah,Jebel Ali,Khor Fakkan,Sohar,Karachi,Mundra,Sohar,Khor Fakkan,Jebel Ali,Bahrain,Umm Qasr,Bahrain,Jebel Ali,Khor Fakkan"
37516,"Jebel Ali,Shuwaikh,Shuaiba,Jebel Ali"
37566,"Jeddah,Massawa,Djibouti,Berbera,Jeddah"
37567,"Jeddah,Port Sudan,Jeddah"
37572,"Singapore,Port Kelang,Calcutta,Singapore"
37606,"Bandar Abbas,Chabahar,Mumbai,Mundra,Khor Fakkan,Bandar Abbas,Jebel Ali,Umm Qasr,Bandar Imam Khomeini,Bandar Abbas"
37607,"Bandar Abbas,Bushehr,Chabahar,Bandar Assaluyeh,Umm Qasr,Bandar Abbas"
37608,"Bandar Abbas,Chabahar,Mumbai,Kandla,Bandar Abbas"
37611,"Jebel Ali,Shuwaikh,Jebel Ali"
37617,"King Abdullah,Jeddah,Aqaba,Sokhna,King Abdullah"
37619,"Jebel Ali,Dammam,Jubail,Jebel Ali"
37622,"Salalah,Doha,Salalah"
37641,"Colombo,Cochin,Colombo,Tuticorin,Colombo"
37648,"Singapore,Tanjung Pelepas,Port Kelang,Chittagong,Singapore"
37649,"Salalah,Colombo,Krishnapatnam,Kattupalli,Colombo,Salalah"
37661,"Djibouti,Jeddah,Mundra,Karachi,Bandar Abbas,Jebel Ali,Djibouti"
37662,"Singapore,Port Kelang,Chittagong,Singapore"
37664,"Djibouti,Aden,Hodeidah,Djibouti"
37666,"Jeddah,Berbera,Massawa,Jeddah"
37667,"Jebel Ali,Bushehr,Jebel Ali"
37668,"Singapore,Chittagong,Mongla,Singapore"
37672,"Jebel Ali,Umm Qasr,Jebel Ali"
37673,"Jebel Ali,Sharjah,Shuwaikh,Mesaieed,Jebel Ali"
37678,"Jebel Ali,Dubai,Sharjah,Umm Qasr,Basra,Abu Flous"
37679,"Jebel Ali,Khor Fakkan,Sohar,Jebel Ali"
37681,"Singapore,Port Kelang,Chittagong,Singapore"
37682,"Salalah,Jebel Ali,Fujairah"
37684,"Singapore,Calcutta,Singapore"
37686,"Singapore,Port Kelang,Chittagong,Singapore"
37687,"Jebel Ali,Dammam,Shuwaikh,Jebel Ali"
37690,"Jeddah,Port Sudan,Jeddah"
37702,"Singapore,Port Kelang,Chittagong,Singapore"
37703,"Colombo,Chittagong,Colombo"
37712,"Jebel Ali,Aden,Mukalla,Jebel Ali"
37713,"Doha,Shuwaikh,Doha"
37714,"Doha,Mesaieed,Jebel Ali,Mundra,Karachi,Doha"
37722,"Doha,Jebel Ali,Sohar,Kandla,Mumbai,Doha"
37725,"Jebel Ali,Sohar,Kandla,Jebel Ali,Dammam,Jubail,Khor Fakkan,Jebel Ali"
37726,"Jebel Ali,Khor Fakkan,Doha,Mesaieed,Jebel Ali"
37727,"Salalah,Sohar,Doha,Mesaieed"
37728,"Salalah,Sohar,Doha,Jebel Ali,Salalah"
37729,"Doha,Mumbai,Mundra,Doha"
37730,"Doha,Sohar,Mumbai,Mundra,Doha"
37736,"Jebel Ali,Umm Qasr,Jebel Ali"
37737,"Jebel Ali,Shuwaikh,Shuaiba,Abu Dhabi,Jebel Ali"
37740,"Jeddah,King Abdullah,Hodeidah,Jeddah"
37744,"Salalah,Berbera,Salalah"
37745,"Sohar,Doha,Jebel Ali,Sohar"
37746,"Jebel Ali,Karachi,Karachi,Jebel Ali"
37747,"Jeddah,Aden,Jeddah"
37748,"King Abdullah,Jeddah,Port Sudan,King Abdullah"
37751,"Singapore,Chittagong,Singapore"
37763,"Jebel Ali,Cochin,Colombo,Chennai,Visakhapatnam,Kattupalli,Colombo,Cochin,Jebel Ali"
37765,"Khor Fakkan,Jebel Ali,Umm Qasr,Khor Fakkan"
37774,"Jebel Ali,Sohar,Mumbai,Mundra,Jebel Ali"
37775,"Jebel Ali,Bushehr,Bandar Abbas,Jebel Ali"
37776_1,"Jebel Ali,Bandar Imam Khomeini,Jebel Ali"
37776_2,"Jebel Ali,Khorramshahr,Jebel Ali"
37777,"Jebel Ali,Abu Dhabi,Umm Qasr,Jebel Ali"
37779,"Jebel Ali,Khor Fakkan,Sohar,Jebel Ali"
37787,"Jebel Ali,Khor Fakkan,Bahrain,Dammam,Jubail,Jebel Ali"
37788,"Jebel Ali,Khor Fakkan,Salalah,Mogadishu,Berbera,Jebel Ali"
37798,"Jebel Ali,Bandar Abbas,Jebel Ali"
37804,"Jebel Ali,Khor Fakkan,Mundra,Hazira,Mumbai,Abu Dhabi,Jebel Ali"
37811,"Jebel Ali,Bandar Abbas,Jebel Ali"
37816,"Jebel Ali,Bandar Abbas,Mundra,Mumbai,Jebel Ali"
37817,"Jebel Ali,Karachi,Jebel Ali,Dammam,Jubail,Jebel Ali"
37828,"Jebel Ali,Sharjah,Bandar Abbas,Bandar Imam Khomeini,Bandar Assaluyeh,Bushehr,Khorramshahr"
37829,"Jebel Ali,Basra,Jebel Ali"
37831,"Jebel Ali,Bandar Abbas,Khorramshahr"
37836,"Jebel Ali,Sharjah,Umm Qasr,Jebel Ali"
37841,"Singapore,Port Kelang,Chennai,Visakhapatnam,Singapore"
37842,"Mukalla,Kandla,Mundra,Kandla"
37845,"Jebel Ali,Doha,Jebel Ali,Karachi,Sohar,Jebel Ali"
37851,"Colombo,Tuticorin,Colombo"
37876,"Singapore,Port Kelang,Chittagong,Singapore"
37878,"Singapore,Port Kelang,Chittagong,Colombo,Chittagong,Singapore"
37885,"Mundra,Jebel Ali,Mundra,Pipavav,Cochin,Tuticorin,Chennai,Kattupalli,Krishnapatnam,Mundra"
37889,"Singapore,Port Kelang,Calcutta,Haldia,Kakinada,Paradip,Singapore"
37890,"Colombo,Haldia,Calcutta,Colombo"
37908,"Calcutta,Chittagong,Calcutta"
37909,"Mundra,Goa,Mangalore,Cochin,Colombo,Mangalore,Goa,Mundra"
37910,"Chittagong,Dhaka,Kolkata,Haldia,Paradip,Kakinada,Visakhapatnam,Krishnapatnam,Chennai"
37912,"Colombo,Chittagong,Colombo"
37914,"Colombo,Chittagong,Colombo"
37915,"Chittagong,Dhaka,Kolkata"
37917,"Colombo,Chittagong,Colombo"
37918,"Colombo,Chittagong,Colombo"
37923,"Singapore,Port Kelang,Chittagong,Singapore,Laem Chabang,Singapore"
37924,"Singapore,Port Kelang,Chittagong,Singapore"
37926,"Colombo,Yangon,Chennai,Colombo"
37927,"Singapore,Calcutta,Singapore"
37928,"Singapore,Calcutta,Haldia,Singapore"
37931,"Singapore,Port Kelang,Calcutta,Haldia,Singapore"
37932,"Singapore,Port Kelang,Calcutta,Singapore"
37936,"Port Kelang,Chittagong,Port Kelang"
37944,"Chennai,Krishnapatnam,Yangon,Chennai"
37947,"Colombo,Visakhapatnam,Chittagong,Krishnapatnam,Colombo"
37952,"Colombo,Tuticorin,Colombo"
37960,"Colombo,Haldia,Calcutta,Colombo"
37961,"Colombo,Haldia,Visakhapatnam,Kakinada,Krishnapatnam,Colombo"
37965,"Singapore,Calcutta,Port Kelang,Singapore"
37971,"Colombo,Chennai,Colombo"
37973,"Colombo,Tuticorin,Colombo"
37974,"Colombo,Calcutta,Colombo"
37991,"Jebel Ali,Dammam,Shuaiba,Jebel Ali"
37992,"Jebel Ali,Shuwaikh,Doha,Jebel Ali"
38411,"Jeddah,Adabiya,Jeddah"
38415,"Jeddah,Djibouti,Aden,Jeddah"
40421,"London-Gateway,Rotterdam,Hamburg,Antwerp,Le Havre,Sines,Las Palmas,Cape Town,Port Elizabeth,Durban,Port Elizabeth,Cape Town,Las Palmas,London-Gateway"
43170,"Kobe,Nagoya,Yokohama,Ningbo-Zhoushan,Shanghai,Kaohsiung,Hong Kong,Shenzhen,Tanjung Pelepas,Port Louis,Durban,Port Elizabeth,Tanjung Pelepas,Hong Kong,Shanghai,Kobe"
43174,"Ningbo-Zhoushan,Guangzhou,Singapore,Mombasa,Dar es Salaam,Tanjung Pelepas,Ningbo-Zhoushan"
43180,"Qingdao,Ningbo-Zhoushan,Shanghai,Shenzhen,Singapore,Colombo,Port Louis,Durban,Port Elizabeth,Salalah,Jebel Ali,Karachi,Mundra,Hazira,Mumbai,Colombo,Qingdao"
43281,"Shanghai,Ningbo-Zhoushan,Shenzhen,Guangzhou,Tanjung Pelepas,Singapore,Walvis Bay,Cotonou,Abidjan,Douala,Abidjan,Pointe Noire,Colombo,Singapore,Shanghai"
43283,"Shanghai,Ningbo-Zhoushan,Guangzhou,Singapore,Tanjung Pelepas,Cape Town,Lagos,Lagos,Onne,Lagos,Tanjung Pelepas,Xiamen,Shanghai"
43284,"Qingdao,Tianjin,Busan,Shanghai,Ningbo-Zhoushan,Guangzhou,Tanjung Pelepas,Singapore,Reunion,Cape Town,Pointe Noire,Luanda,Cape Town,Port Kelang,Singapore,Qingdao"
43285,"Shanghai,Ningbo-Zhoushan,Fuzhou,Guangzhou,Singapore,Tanjung Pelepas,Lome,Tema,Cotonou,Walvis Bay,Tanjung Pelepas,Shanghai"
43286,"Guangzhou,Singapore,Lagos,Lagos,Cotonou,Singapore,Guangzhou"
43287,"Ningbo-Zhoushan,Guangzhou,Singapore,Tanjung Pelepas,Salalah,Port Said,Marsaxlokk,Tangier,Dakar,Nouakchott,Singapore,Ningbo-Zhoushan"
43291,"Jebel Ali,Khor Fakkan,Mundra,Mumbai,Colombo,Durban,Pointe Noire,Lagos,Lagos,Cotonou,Tema,Port Elizabeth,Durban,Jebel Ali"
43302,"Busan,Tianjin,Qingdao,Shanghai,Ningbo-Zhoushan,Guangzhou,Shenzhen,Singapore,Colombo,Lome,Durban,Port Louis,Colombo,Singapore,Busan"
43348,"Laem Chabang,Singapore,Tanjung Pelepas,Port Kelang,Colombo,Male,Victoria,Dar es Salaam,Colombo,Port Kelang,Tanjung Pelepas,Singapore,Laem Chabang"
43355,"Port Kelang,Tanjung Pelepas,Singapore,Colombo,Mombasa,Colombo,Port Kelang"
43374,"Singapore,Tanjung Pelepas,Reunion,Toamasina,Maputo,Beira,Nacala,Port Louis,Singapore"
43412,"Shanghai,Ningbo-Zhoushan,Keelung,Singapore,Durban,Singapore,Shanghai"
43413,"Kaohsiung,Xiamen,Hong Kong,Shenzhen,Singapore,Port Kelang,Durban,Cape Town,Port Kelang,Singapore,Kaohsiung"
43512,"Qingdao,Shanghai,Ningbo-Zhoushan,Hong Kong,Guangzhou,Singapore,Port Kelang,Colombo,Lagos,Lagos,Cotonou,Tema,Port Kelang,Singapore,Qingdao"
43609,"Shanghai,Singapore,Mombasa,Dar es Salaam,Nacala,Richards Bay,Nacala,Dar es Salaam,Mombasa,Singapore,Shanghai"
43611,"Qingdao,Ningbo-Zhoushan,Shanghai,Guangzhou,Singapore,Mombasa,Dar es Salaam,Singapore,Guangzhou,Qingdao"
43612,"Dalian,Tianjin,Ningbo-Zhoushan,Guangzhou,Singapore,Colombo,Mombasa,Dar es Salaam,Colombo,Singapore,Davao,Shanghai,Dalian"
43613,"Singapore,Port Louis,Reunion,Toamasina,Maputo,Nacala,Beira,Mtwara,Singapore"
43624,"Shanghai,Ningbo-Zhoushan,Xiamen,Shenzhen,Guangzhou,Singapore,Walvis Bay,Lome,Lagos,Tema,Abidjan,Colombo,Port Kelang,Singapore,Shanghai"
45311,"Jebel Ali,Abu Dhabi,Bahrain,Jebel Ali,Karachi,Mundra,Salalah,Mombasa,Dar es Salaam,Salalah,King Abdullah,Aqaba,Sokhna,Salalah,Jebel Ali"
45312,"Jebel Ali,Salalah,Mombasa,Mogadishu,Kismayo,Jebel Ali"
45402,"Salalah,Dar es Salaam,Mombasa,Salalah,Karachi,Jebel Ali,Salalah"
45471,"Salalah,Mombasa,Mumbai,Mundra,Karachi,Salalah"
45473,"Salalah,Reunion,Port Louis,Toamasina,Victoria,Salalah"
45474,"Jebel Ali,Mundra,Mumbai,Durban,Port Louis,Reunion,Khor Fakkan,Jebel Ali"
45482,"Salalah,Port Louis,Reunion,Longoni,Majunga,Salalah"
45554,"Khor Fakkan,Jebel Ali,Mombasa,Dar es Salaam,Mombasa,Djibouti,Mumbai,Mundra,Khor Fakkan"
45555,"Khor Fakkan,Jebel Ali,Longoni,Mogadishu,Zanzibar,Victoria,Khor Fakkan"
45563,"Khor Fakkan,Jebel Ali,Mombasa,Mogadishu,Khor Fakkan"
45564,"Khor Fakkan,Jebel Ali,Longoni,Beira,Nacala,Zanzibar,Victoria,Khor Fakkan"
45565,"Khor Fakkan,Mtwara,Colombo,Cochin,Khor Fakkan"
48310,"Reunion,Port Louis,Toamasina,Reunion"
48313,"Longoni,Mutsamudu,Moroni,Nacala,Longoni"
48314,"Longoni,Majunga,Nosy Be,Diego Suarez,Vohemar,Reunion,Port Louis,Longoni"
48315,"Longoni,Vohemar,Port Louis,Reunion,Longoni"
48316,"Durban,Tulear,Eohala,Durban"
48401,"Mombasa,Zanzibar,Mombasa"
48402,"Mombasa,Mtwara,Mombasa"
48910,"Mombasa,Tanga,Zanzibar,Pemba,Nacala,Mombasa"
49165,"Mutsamudu,Moroni,Quelimane,Pemba,Mutsamudu"
49168,"Mutsamudu,Eohala,Tulear,Majunga,Mutsamudu"
50251,"Algeciras,Tangier,Pointe Noire,Cotonou,Libreville,Takoradi,Algeciras"
50255,"Algeciras,Marin,Leixoes,Lisbon,Algeciras,Lome,Luanda,Lobito,Walvis Bay,Lome,Conakry,Algeciras"
50256,"Tangier,Algeciras,Lagos,Lagos,Onne,San Pedro,Tangier"
50259,"Tangier,Algeciras,Lisbon,Mindelo,Porto Praia,Bissau,Tangier"
50263,"Tangier,Algeciras,Tema,Douala,Lome,Tema,Santa Cruz de Tenerife,Tangier"
50264,"Tangier,Algeciras,Banjul,Nouadhibou,Tangier"
50265,"Tangier,Algeciras,Dakar,Conakry,Tangier"
50266,"Tangier,Algeciras,Abidjan,Tangier"
50324,"Algeciras,Nouakchott,Monrovia,Freetown,Santa Cruz de Tenerife,Tangier,Mersin,Izmir,Port Said,Algeciras"
50337,"Pointe Noire,Matadi,Pointe Noire"
50338,"Pointe Noire,Cabinda,Pointe Noire"
50344,"Pointe Noire,Douala,Pointe Noire,Bata,Malabo,Pointe Noire"
50551,"Dunkirk,Tilbury,Antwerp,Vlissingen,Dunkirk,Le Havre,Montoir,Tangier,Algeciras,Dakar,San Pedro,Abidjan,Dakar,Algeciras,Dunkirk"
50553,"Tangier,Algeciras,Conakry,Freetown,Banjul,Tangier"
50557,"Algeciras,Tangier,Las Palmas,Dakar,Nouakchott,Nouadhibou,Casablanca,Algeciras"
50558,"Livorno,Genoa,Marseille,Barcelona,Valencia,Algeciras,Tangier,Lome,Bata,Malabo,Onne,Port Gentil,Libreville,Douala,Lome,San Pedro,Algeciras,Livorno"
50559,"Algeciras,Tangier,Casablanca,Monrovia,Abidjan,Tema,Cotonou,Takoradi,Algeciras"
50853,"Pointe Noire,Boma,Matadi,Pointe Noire"
50855,"Pointe Noire,Libreville,Douala,Pointe Noire"
50886,"Las Palmas,Nouakchott,Conakry,Banjul,Las Palmas"
50888,"San Pedro,Freetown,Monrovia,San Pedro"
50890,"San Pedro,Takoradi,Lome,Douala,San Pedro"
50901,"Pointe Noire,Matadi,Libreville,Pointe Noire"
50902,"Lome,Conakry,Freetown,Monrovia,Takoradi,Lome"
50903,"Lome,Douala,Abidjan,Lome"
50911,"Lome,Lagos,Lome"
50912,"Lome,Cotonou,Lagos,Lome"
50914,"Lome,Libreville,Lome"
50917,"Lome,Abidjan,Lome"
50918,"Lome,Tema,Lome"
50923,"Antwerp,Le Havre,Sines,Las Palmas,Lome,Cotonou,Luanda,Las Palmas,Agadir,Antwerp,St Petersburg,Antwerp"
50932,"Pointe Noire,Libreville,Bata,Malabo,Douala,Pointe Noire"
50933,"Pointe Noire,Matadi,Soyo,Boma,Pointe Noire"
50934,"Pointe Noire,Cabinda,Pointe Noire"
51145,"Antwerp,Hamburg,Casablanca,Tangier,Dakar,Dakar,Tema,Abidjan,Tangier,Antwerp"
51403,"Antwerp,Le Havre,Lisbon,Algeciras,Tangier,Pointe Noire,Luanda,Lobito,Namibe,Douala,Tema,Abidjan,Algeciras,Antwerp"
51912,"Tangier,Algeciras,Cotonou,Lagos,Lagos,Tema,Tangier"
52953,"Las Palmas,Palmeira,Sal Rei,Las Palmas"
52977,"Vado Ligure,Genoa,Castellon,Valencia,Algeciras,Dakar,Lome,Lagos,Lagos,Tema,Takoradi,Abidjan,Algeciras,Vado Ligure"
52980,"Tarragona,Sagunto,Las Palmas,Bata,Malabo,Tarragona"
53025,"Hamburg,Rotterdam,Tilbury,Santa Cruz de Tenerife,Las Palmas,Agadir,Casablanca,Gibraltar,Huelva,Setubal,Tilbury,Rotterdam,Hamburg"
53040,"Rotterdam,Rouen,Algeciras,Casablanca,Agadir,Portsmouth,Dunkirk,Rotterdam,Antwerp,Le Havre,Casablanca,Agadir,Helsinki,St Petersburg,Hamburg,Rotterdam"
53041,"Rotterdam,Antwerp,Leixoes,Gibraltar,Sevilla,Las Palmas,Santa Cruz de Tenerife,Cartagena (Spain),Melilla,Casablanca,Rotterdam"
53152,"Algeciras,Casablanca,Lisbon,Algeciras"
53172,"Las Palmas,Porto Praia,Palmeira,Sal Rei,Mindelo,Las Palmas"
53183,"Barcelona,Valencia,Casablanca,Valencia,Barcelona"
53533,"Valencia,Barcelona,Alicante,Melilla,Casablanca,Cadiz,Valencia"
53542,"Rotterdam,Liverpool,Dublin,Tangier,Agadir,Portsmouth,Rotterdam"
53543,"Bremerhaven,Rotterdam,Antwerp,Casablanca,Agadir,Bremerhaven,St Petersburg,Bremerhaven"
53560,"Marseille,Barcelona,Valencia,Algeciras,Casablanca,Tangier,Ghazaouet,Marseille"
53561,"Tangier,Algeciras,Casablanca,Agadir,Tangier"
53562,"Marseille,Nador,Port Vendres,Marseille"
53700,"Algeciras,Casablanca,Lisbon,Algeciras"
58463,"Navegantes,Paranagua,Santos,Rio de Janeiro,Cape Town,Durban,Port Elizabeth,Luanda,Pointe Noire,Navegantes"
60312,"London-Gateway,Rotterdam,Algeciras,Vila do Conde,Natal,Algeciras,London-Gateway"
60511,"Tilbury,Rotterdam,Bremerhaven,Mariel,Big Creek,Manzanillo (Pan),Puerto Limon,Cork,Tilbury"
60513,"Antwerp,Hamburg,Turbo,Santa Marta,Portsmouth,Antwerp"
60515,"Rotterdam,Felixstowe,NewYork-NewJersey,Charleston,Turbo,Santa Marta,Portsmouth,Antwerp,Hamburg,Rotterdam"
60530,"Antwerp,London-Gateway,Hamburg,Altamira,Veracruz,Puerto Limon,Cartagena (Col),Marin,Antwerp"
61173,"Rotterdam,Tilbury,Radicatel,Fort de France,Pointe a Pitre,Philipsburg,Rio Haina,Willemstad,Barcadera,Puerto Limon,Puerto Cortes,Puerto Barrios,Port Canaveral,Wilmington (NC),Rotterdam"
62072,"Montreal,St John,Freeport (Bah),Houston,Veracruz,Altamira,Freeport (Bah),Savannah,NewYork-NewJersey,Montreal"
62102,"Caucedo,La Guaira,Veracruz,Caucedo"
62161,"Port Everglades,St Thomas,St Croix,Point Lisas,Saint Georges,Kingstown,St Thomas,Kingston,Port Everglades"
62197,"Jacksonville,Port Everglades,Puerto Limon,Manzanillo (Pan),Puerto Limon,Port Everglades,Jacksonville"
62198,"Port Everglades,Kingston,Montego Bay,Port Everglades"
62201,"Wilmington (NC),Santo Tomas de Castilla,Puerto Cortes,Wilmington (NC)"
62273,"Manzanillo (Pan),Colon,Cartagena (Col),Barranquilla,Santa Marta,Point Lisas,Georgetown (Guy),Paramaribo,Point Lisas,Cartagena (Col),Barranquilla,Santa Marta,Manzanillo (Pan)"
62274,"Colon,Manzanillo (Pan),Caucedo,Rio Haina,San Juan de PR,Caucedo,Colon"
62308,"Manzanillo (Pan),Cartagena (Col),La Guaira,Manzanillo (Pan)"
62310,"Manzanillo (Pan),Puerto Limon,Manzanillo (Pan)"
62371,"Wilmington (NC),Norfolk,Philadelphia,Wilmington (NC),Savannah,Port Everglades,Santo Tomas de Castilla,Puerto Cortes,Puerto Limon,Manzanillo (Pan),Colon,Puerto Cortes,Santo Tomas de Castilla,Port Everglades,Wilmington (NC)"
62372,"Manzanillo (Pan),Puerto Limon,Philadelphia,NewYork-NewJersey,Savannah,Port Everglades,Cartagena (Col),Turbo,Manzanillo (Pan)"
62402,"Jacksonville,Guantanamo,Jacksonville"
62458,"Kingston,Montego Bay,Port Au Prince,Cap Haitien,Kingston"
62459,"Kingston,Caucedo,Point Lisas,Georgetown (Guy),Point Lisas,Kingston"
62473,"St John,NewYork-NewJersey,Savannah,Miami,Kingston,Point Lisas,Port of Spain,Saint Georges,Campden Park,Fort de France,Bridgetown,Castries,Roseau,San Juan de PR,Kingston,Rio Haina,San Juan de PR,St John"
62474,"Kingston,Barcadera,Willemstad,Puerto Cabello,La Guaira,Santa Marta,Barranquilla,Kingston"
62505,"Pointe a Pitre,Fort de France,Port of Spain,Fort de France,Pointe a Pitre"
62510,"Kingston,New Orleans,Houston,Altamira,Veracruz,Kingston,Cartagena (Col),Manzanillo (Pan),Manaus,Vitoria,Santos,Navegantes,Paranagua,Santos,Rio de Janeiro,Cartagena (Col),Kingston"
62610,"Colon,Barranquilla,Cartagena (Col),Puerto Cabello,Colon"
62611,"Colon,La Guaira,Puerto Cabello,Colon"
62638,"Manzanillo (Pan),Kingston,El Guamache,Guaranao,Maracaibo,Manzanillo (Pan)"
62642,"Kingston,Santo Tomas de Castilla,Belize,Puerto Cortes,Santo Tomas de Castilla,Rio Haina,Caucedo,Kingston"
62643,"Kingston,Manzanillo (Pan),Guanta,Kingston"
62652,"Kingston,Manzanillo (Pan),Colon,Willemstad,Barcadera,Kingston"
62658,"Kingston,Rio Haina,Caucedo,Port of Spain,Bridgetown,Paramaribo,Georgetown (Guy),Port of Spain,Port of Spain,Bridgetown,Caucedo,Rio Haina,Kingston"
62659,"Caucedo,Port of Spain,Caucedo"
62660,"Kingston,Port Au Prince,Port Laffiteau,Caucedo,Kingston"
62671,"Cartagena (Col),Mariel,Puerto Barrios,Puerto Limon,Santo Tomas de Castilla,Puerto Cortes,Kingston,Caucedo,Barranquilla,Turbo,Cartagena (Col)"
62673,"Manzanillo (Pan),Cartagena (Col),Puerto Cabello,La Guaira,Manzanillo (Pan)"
62678,"Altamira,Veracruz,Progreso,Mariel,Altamira"
62682,"Miami,San Andres,Cristobal,Port Au Prince,Cap Haitien,Miami"
62707,"Port Everglades,San Andres,El Rama,Santo Tomas de Castilla,Port Everglades"
62722,"Cartagena (Col),Barranquilla,Barcadera,Maracaibo,Cartagena (Col)"
62734,"Philadelphia,NewYork-NewJersey,Puerto Plata,Rio Haina,Kingston,Puerto Limon,Manzanillo (Pan),Rio Haina,Philadelphia"
62735,"Port Everglades,Philipsburg,Roseau,Castries,Bridgetown,Port of Spain,Saint Georges,Rio Haina,Port Everglades,Rio Haina,Barranquilla,Cartagena (Col),Barranquilla,Port Everglades"
62737,"Port Everglades,Port Au Prince,Cap Haitien,Port Everglades"
62743,"Miami,Philipsburg,St Johns,Castries,Bridgetown,Point Lisas,Kingston,Miami"
62751,"Miami,Rio Haina,Puerto Plata,Miami"
62764,"Miami,Port Laffiteau,Kingston,Barranquilla,Cartagena (Col),Santa Marta,Puerto Bolivar (Col),Rio Haina,Port Laffiteau,Puerto Plata,Miami"
62771,"Miami,Puerto Cortes,Santo Tomas de Castilla,Miami"
62773,"Miami,Puerto Cortes,Santo Tomas de Castilla,Miami"
62777,"Miami,Santo Tomas de Castilla,Belize,Puerto Cortes,Miami"
62778,"Miami,Puerto Limon,Miami"
62793,"Houston,New Orleans,Santo Tomas de Castilla,Puerto Cortes,Turbo,Cartagena (Col),Manzanillo (Pan),Puerto Limon,Puerto Cortes,Santo Tomas de Castilla,Houston"
62797,"Cartagena (Col),La Guaira,Puerto Cabello,Guaranao,Guanta,Cartagena (Col)"
62851,"St Thomas,San Juan de PR,St Thomas,St Croix,Gustavia,Anguilla,St Croix,St Thomas"
62852,"St Thomas,Frederiksted,Tortola,St Kitts,Caucedo,Boca Chica,St Croix,St Thomas"
62854,"Point Lisas,Georgetown (Guy),Bridgetown,Campden Park,Point Lisas"
62855,"West Palm Beach,Freeport (Bah),West Palm Beach"
62862,"Port Everglades,Philadelphia,Puerto Cortes,Santo Tomas de Castilla,Port Everglades"
62871,"Manzanillo (Pan),Colon,Cartagena (Col),Barranquilla,Santa Marta,Cartagena (Col),Colon,Manzanillo (Pan),Puerto Limon,Colon,Manzanillo (Pan),Kingston,Santiago de Cuba,Port Au Prince,Manzanillo (Pan)"
62874,"Manzanillo (Pan),Santo Tomas de Castilla,Puerto Cortes,Manzanillo (Pan)"
62885,"Port Manatee,Coatzacoalcos,Port Manatee"
62886,"Port Manatee,Tuxpan,Port Manatee"
62971,"Freeport (USA),Puerto Cortes,Puerto Barrios,Freeport (USA)"
62972,"Port Everglades,Wilmington (Del),Puerto Limon,Puerto Castilla,Port Everglades"
62981,"Wilmington (Del),Puerto Barrios,Puerto Cortes,Wilmington (Del)"
63001,"Panama City,Progreso,Panama City"
63002,"Tampa,Progreso,Altamira,Tuxpan,Tampa"
63003,"Houston,Panama City,Progreso,Houston"
63016,"Philadelphia,Santo Tomas de Castilla,Puerto Limon,Port Manatee,Philadelphia"
63017,"Philadelphia,Puerto Limon,Santo Tomas de Castilla,Philadelphia"
63233,"Rotterdam,London-Gateway,Bremerhaven,Hamburg,Antwerp,Le Havre,Sines,Rio de Janeiro,Santos,Navegantes,Buenos Aires,Montevideo,Rio Grande,Navegantes,Paranagua,Santos,Rio de Janeiro,Salvador,Pecem,Rotterdam"
63306,"Rotterdam,London-Gateway,Hamburg,Antwerp,Le Havre,Algeciras,Santos,Paranagua,Buenos Aires,Montevideo,Itapoa,Paranagua,Santos,Pecem,Tangier,Rotterdam"
63307,"Marsaxlokk,Genoa,Barcelona,Valencia,Algeciras,Tangier,Salvador,Itaguai,Santos,Itapoa,Buenos Aires,Rio Grande,Itajai,Itapoa,Santos,Itaguai,Tangier,Algeciras,Tangier,Marsaxlokk"
63308,"Algeciras,Tilbury,Rotterdam,Pecem,Algeciras"
63422,"Valencia,Barcelona,Genoa,Fos,Livorno,Gioia Tauro,Valencia,Suape,Salvador,Rio de Janeiro,Santos,Paranagua,Itapoa,Montevideo,Navegantes,Santos,Rio de Janeiro,Las Palmas,Valencia"
65133,"Rotterdam,London-Gateway,Hamburg,Antwerp,Le Havre,Caucedo,Cartagena (Col),Manzanillo (Pan),Buenaventura,Callao,Puerto Angamos,Valparaiso,Callao,Buenaventura,Manzanillo (Pan),Cartagena (Col),Caucedo,Rotterdam"
65216,"Bremerhaven,St Petersburg,Bremerhaven,Rotterdam,Antwerp,Cartagena (Col),Manzanillo (Pan),Balboa,Guayaquil,Balboa,Manzanillo (Pan),Santa Marta,Rotterdam,Hamburg,Bremerhaven"
65222,"Algeciras,Tangier,Marsaxlokk,Yarimca,Istanbul,Yuzhny,Novorossisk,Istanbul,Yarimca,Izmir,Algeciras,Caucedo,Manzanillo (Pan),Buenaventura,Guayaquil,Balboa,Manzanillo (Pan),Algeciras"
65301,"Antwerp,Rotterdam,Bremerhaven,Hamburg,Antwerp,Le Havre,Sines,Caucedo,Cartagena (Col),Cristobal,Balboa,Buenaventura,Callao,San Antonio,Coronel,Valparaiso,Callao,Balboa,Cristobal,Antwerp"
65501,"Algeciras,Marsaxlokk,Salerno,Livorno,Genoa,Barcelona,Valencia,Tangier,Caucedo,Kingston,Cartagena (Col),Guayaquil,Callao,San Antonio,Antofagasta,Ilo,Guayaquil,Buenaventura,Manzanillo (Pan),Algeciras"
66177,"NewYork-NewJersey,Philadelphia,Norfolk,Charleston,Jacksonville,Port Everglades,Santos,Buenos Aires,Montevideo,Rio Grande,Itapoa,Santos,Rio de Janeiro,Salvador,Pecem,NewYork-NewJersey"
67072,"Cristobal,Manzanillo (Pan),Port of Spain,Manaus,Vila do Conde,Cristobal"
68183,"Balboa,Callao,Paita,Guayaquil,Balboa"
68402,"Balboa,Guayaquil,Balboa"
68405,"Callao,Arica,Iquique,Coronel,Callao"
68408,"Balboa,Guayaquil,Puerto Bolivar,Guayaquil,Balboa"
68451,"Manzanillo (Mex),Puerto Quetzal,Acajutla,San Lorenzo,Acajutla,Puerto Quetzal,Manzanillo (Mex)"
68452,"Manzanillo (Mex),Corinto,Puerto Caldera,Manzanillo (Mex)"
68511,"Callao,Arica,Ilo,Iquique,Callao"
68520,"Buenaventura,Guayaquil,Buenaventura"
68521,"Buenaventura,Paita,Buenaventura"
68734,"Port Everglades,Nassau,Port Everglades,Nassau,Port Everglades"
68735,"Cristobal,Mariel,Cristobal"
68738,"Cristobal,Cartagena (Col),Manzanillo (Pan),Puerto Cabello,Cristobal"
68745,"Caucedo,Kingston,Tampa,Mobile,New Orleans,Houston,Caucedo"
68749,"Jacksonville,Puerto Barrios,Puerto Cortes,Jacksonville"
68750,"Cristobal,Puerto Limon,Puerto Cortes,Puerto Barrios,Port Everglades,Puerto Cortes,Puerto Barrios,Gulfport,New Orleans,Freeport (USA),Puerto Cortes,Puerto Barrios,Puerto Limon,Cristobal"
68751,"Freeport (Bah),Jacksonville,Nassau,Freeport (Bah)"
68753,"Cristobal,Turbo,Cristobal"
68755,"Freeport (Bah),Port Everglades,Freeport (Bah)"
68756,"Port Everglades,Freeport (Bah),Rio Haina,Caucedo,Port Au Prince,Cristobal,Freeport (Bah),Port Everglades"
68761,"Colon,Manzanillo (Pan),Cartagena (Col),Mariel,Colon"
68766,"Kingston,Rio Haina,Santiago de Cuba,Mariel,Progreso,Altamira,Veracruz,Mariel,Kingston"
68769,"Port of Spain,Bridgetown,Paramaribo,Georgetown (Guy),Port of Spain"
68771,"Manzanillo (Pan),Colon,Kingston,Port Au Prince,Manzanillo (Pan)"
69161,"Los Angeles,Ensenada,Lazaro Cardenas,Puerto Quetzal,Acajutla,Corinto,Balboa,Esmeraldas,Paita,Guayaquil,Balboa,Corinto,Acajutla,Puerto Quetzal,Lazaro Cardenas,Port Hueneme,Los Angeles"
69182,"Balboa,Arica,Iquique,Pisco,Callao,Balboa"
69342,"Los Angeles,Oakland,Lazaro Cardenas,Puerto Quetzal,Acajutla,Corinto,Buenaventura,Puerto Caldera,Puerto Quetzal,Lazaro Cardenas,Los Angeles"
69343,"Port Hueneme,Puerto Quetzal,Puerto Chiapas,Port Hueneme"
69451,"Port Hueneme,Puerto Bolivar,Puerto Caldera,Port Hueneme"
69705,"Busan,Shanghai,Xiamen,Shenzhen,Hong Kong,Kaohsiung,Busan,Manzanillo (Mex),Lazaro Cardenas,Balboa,Buenaventura,Callao,San Antonio,Coronel,Lirquen,Puerto Angamos,Callao,Lazaro Cardenas,Manzanillo (Mex),Busan"
69806,"Tokyo,Keelung,Hong Kong,Shenzhen,Xiamen,Shanghai,Ningbo-Zhoushan,Busan,Manzanillo (Mex),Callao,Iquique,Valparaiso,Lirquen,Callao,Manzanillo (Mex),Tokyo"
69813,"Keelung,Hong Kong,Shenzhen,Xiamen,Ningbo-Zhoushan,Shanghai,Busan,Manzanillo (Mex),Callao,Iquique,Puerto Angamos,Antofagasta,Valparaiso,Keelung"
69815,"Busan,Qingdao,Ningbo-Zhoushan,Shanghai,Busan,Yokohama,Ensenada,Manzanillo (Mex),Lazaro Cardenas,Balboa,Buenaventura,Guayaquil,Buenaventura,Balboa,Lazaro Cardenas,Manzanillo (Mex),Ensenada,Yokohama,Busan"
69873,"Singapore,Shenzhen,Hong Kong,Kaohsiung,Ningbo-Zhoushan,Shanghai,Qingdao,Busan,Ensenada,Manzanillo (Mex),Manzanillo (Pan),Cartagena (Col),Kingston,Caucedo,Singapore"
69885,"Kaohsiung,Shenzhen,Hong Kong,Ningbo-Zhoushan,Shanghai,Manzanillo (Mex),Buenaventura,Callao,San Antonio,Callao,Manzanillo (Mex),Kaohsiung"
69886,"Busan,Kaohsiung,Shenzhen,Hong Kong,Ningbo-Zhoushan,Shanghai,Manzanillo (Mex),Lazaro Cardenas,Puerto Quetzal,Buenaventura,Guayaquil,Callao,Manzanillo (Mex),Busan"
69938,"Qingdao,Shanghai,Busan,Manzanillo (Mex),Lazaro Cardenas,Balboa,Buenaventura,Lazaro Cardenas,Qingdao"
69966,"Yokohama,Busan,Shanghai,Ningbo-Zhoushan,Kaohsiung,Shenzhen,Hong Kong,Tauranga,Valparaiso,San Vicente,Callao,Buenaventura,Balboa,Lazaro Cardenas,Manzanillo (Mex),Yokohama"
69967,"Kaohsiung,Hong Kong,Shenzhen,Guangzhou,Ningbo-Zhoushan,Kwangyang,Yokohama,Manzanillo (Mex),Lazaro Cardenas,Balboa,Buenaventura,Callao,San Antonio,San Vicente,Tauranga,Kaohsiung"
69974,"Busan,Shanghai,Ningbo-Zhoushan,Shenzhen,Shenzhen,Hong Kong,Singapore,Santos,Paranagua,Buenos Aires,Montevideo,Rio Grande,Navegantes,Itajai,Paranagua,Santos,Port Elizabeth,Singapore,Hong Kong,Busan"
69977,"Shanghai,Ningbo-Zhoushan,Shenzhen,Hong Kong,Singapore,Itaguai,Santos,Paranagua,Navegantes,Montevideo,Buenos Aires,Rio Grande,Navegantes,Paranagua,Santos,Singapore,Hong Kong,Shanghai"
69978,"Busan,Qingdao,Shanghai,Ningbo-Zhoushan,Shenzhen,Singapore,Port Kelang,Itaguai,Santos,Paranagua,Buenos Aires,Montevideo,Imbituba,Itajai,Itapoa,Santos,Itaguai,Port Kelang,Singapore,Hong Kong,Busan"
69981,"Qingdao,Shanghai,Ningbo-Zhoushan,Shenzhen,Singapore,Port Kelang,Santos,Paranagua,Buenos Aires,Montevideo"
70073,"Santos,San Antonio Este,Santos"
70081,"Buenos Aires,Montevideo,Rio Grande,Navegantes,Santos,Suape,Fortaleza,Salvador,Santos,Navegantes,Buenos Aires"
70271,"Rio Grande,Mar Del Plata,Puerto Deseado,Puerto Madryn,Rio Grande"
70357,"Rio de Janeiro,Santos,Rio Grande,San Antonio,Callao,Guayaquil,Arica,Antofagasta,San Antonio,San Vicente,Puerto Madryn,Bahia Blanca,Itapoa,Rio de Janeiro"
70393,"Stanley,Punta Arenas,Stanley"
70395,"Buenos Aires,Montevideo,Asuncion"
70396,"Buenos Aires,Montevideo,Asuncion"
70397,"Montevideo,Nueva Palmira,Rosario,Nueva Palmira,Montevideo"
70398,"Buenos Aires,Montevideo,Asuncion"
70421,"Callao,Antofagasta,Puerto Angamos,Mejillones,Arica,Matarani,Callao"
70461,"Guayaquil,Callao,Matarani,Ilo,Guayaquil"
70463,"Buenaventura,Antofagasta,Iquique,Antofagasta,Buenaventura"
72143,"Yokohama,Osaka,Busan,Qingdao,Shanghai,Ningbo-Zhoushan,Melbourne,Sydney,Brisbane,Yokohama"
72144,"Yokohama,Osaka,Busan,Qingdao,Shanghai,Kaohsiung,Melbourne,Sydney,Brisbane,Yokohama"
72145,"Shanghai,Ningbo-Zhoushan,Sydney,Melbourne,Brisbane,Shanghai"
72146,"Kaohsiung,Xiamen,Shenzhen,Hong Kong,Sydney,Melbourne,Brisbane,Kaohsiung"
72241,"Shanghai,Ningbo-Zhoushan,Shenzhen,Kaohsiung,Brisbane,Auckland,Port Chalmers,Lyttelton,Napier,Tauranga,Noumea,Hong Kong,Shenzhen,Keelung,Shanghai"
72501,"Laem Chabang,Singapore,Port Kelang,Fremantle,Sydney,Melbourne,Adelaide,Fremantle,Laem Chabang"
72881,"Tanjung Pelepas,Singapore,Sydney,Nelson,Wellington,Timaru,Napier,Auckland,Tanjung Pelepas"
72882,"Tanjung Pelepas,Singapore,Brisbane,Tauranga,Lyttelton,Port Chalmers,Tanjung Pelepas"
72896,"Tanjung Pelepas,Port Moresby,Noro,Lae Port,Madang,Wewak,Tanjung Pelepas"
73526,"Kaohsiung,Xiamen,Guangzhou,Hong Kong,Shenzhen,Melbourne,Sydney,Brisbane,Kaohsiung"
75347,"Melbourne,Bell Bay,Sydney,Brisbane,Noumea,Tauranga,Auckland,Bell Bay,Melbourne"
75348,"Sydney,Melbourne,Auckland,Lyttelton,Nelson,Wellington,Tauranga,Sydney"
75351,"Sydney,Bell Bay,Melbourne,Tauranga,Lyttelton,Timaru,Tauranga,Sydney"
75505,"Singapore,Port Kelang,Jakarta,Port Moresby,Alotau,Oro Bay,Lae Port,Rabaul,Madang,Singapore"
75632,"Melbourne,Sydney,Brisbane,Noumea,Prony,Port Vila,Santo,Suva,Prony,Melbourne"
75633,"Melbourne,Hobart,Port Kembla,Sydney,Newcastle,Auckland,Marsden Point,Tauranga,Melbourne"
75635,"Qingdao,Busan,Yokohama,Majuro,Tarawa,Lautoka,Suva,Pago Pago,Apia,Nuku'alofa,Noumea,Prony,Santo,Tarawa,Majuro,Kaohsiung,Qingdao"
75650,"Brisbane,Lae Port,Port Moresby,Townsville,Brisbane"
75651,"Port Kelang,Singapore,Jakarta,Madang,Kimbe,Lae Port,Rabaul,Port Moresby,Townsville,Port Kelang"
75702,"Melbourne,Sydney,Brisbane,Noumea,Port Vila,Lautoka,Suva,Apia,Pago Pago,Nuku'alofa,Melbourne"
75704,"Tauranga,Auckland,Noumea,Lautoka,Suva,Port Vila,Santo,Tauranga"
75706,"Auckland,Papeete,Auckland"
75707,"Brisbane,Norfolk Island,Honiara,Nauru,Suva,Brisbane"
75708,"Suva,Wallis,Futuna,Funafuti,Tarawa,Majuro,Lautoka,Suva"
75709,"Suva,Tarawa,Honiara,Mackay,Lautoka,Suva"
75710,"Auckland,Nuku'alofa,Apia,Pago Pago,Nuku'alofa,Auckland"
75711,"Auckland,Suva,Lautoka,Tauranga,Auckland"
75713,"Suva,Apia,Fakaofo,Nukunono,Atafu,Kiritimati,Suva,Honiara,Suva"
75714,"Guangzhou,Zhuhai,Hong Kong,Shenzhen,Lae Port,Honiara,Noumea,Suva,Lautoka,Majuro,Kosrae,Guangzhou"
75802,"Shanghai,Busan,Yokohama,Honolulu,Yokohama,Shanghai"
75803,"Shanghai,Busan,Yokohama,Honolulu,Dutch Harbor,Yokohama,Shanghai"
75862,"Auckland,Lautoka,Suva,Apia,Pago Pago,Rarotonga,Aitutaki,Niue,Vavau,Nuku'alofa,Auckland"
75868,"Honolulu,Pago Pago,Apia,Honolulu"
75869,"Guam,Apra,Pohnpei,Chuuk,Guam"
75870,"Honolulu,Kwajalein,Ebeye,Majuro,Honolulu"
81343,"Tokyo,Yokohama,Shimizu,Nagoya,Kobe,Busan,Kwangyang,Keelung,Kaohsiung,Haiphong,Kaohsiung,Keelung,Tokyo"
81345,"Tokyo,Yokohama,Yokkaichi,Nagoya,Kobe,Kawasaki,Singapore,Jakarta,Singapore,Ho Chi Minh City,Tokyo"
81347,"Osaka,Yokkaichi,Nagoya,Shimizu,Tokyo,Yokohama,Kobe,Kaohsiung,Manila,Busan,Osaka"
81348,"Singapore,Port Kelang,Subic Bay,Manila,Singapore"
81401,"Busan,Tomakomai,Niigata,Busan"
81483,"Bangkok,Laem Chabang,Haiphong,Shenzhen,Bangkok"
81714,"Bangkok,Laem Chabang,Ho Chi Minh City,Manila,Ho Chi Minh City,Ho Chi Minh City,Bangkok"
81751,"Shimizu,Tokyo,Yokohama,Nagoya,Osaka,Kobe,Laem Chabang,Bangkok,Laem Chabang,Ho Chi Minh City,Shimizu"
81752,"Hakata,Moji,Busan,Shanghai,Ningbo-Zhoushan,Wenzhou,Ho Chi Minh City,Bangkok,Laem Chabang,Manila,Hakata"
81755,"Shanghai,Nagoya,Yokkaichi,Toyohashi,Omaezaki,Shimizu,Yokohama,Busan,Shanghai,Ningbo-Zhoushan,Manila,Subic Bay,Shanghai"
81757,"Dalian,Tianjin,Qingdao,Shanghai,Manila,Batangas,Cebu,Cagayan de Oro,Dalian"
81761,"Laem Chabang,Batangas,Manila,Laem Chabang"
81763,"Hong Kong,Shenzhen,Manila,Cebu,Kota Kinabalu,Bintulu,Hong Kong"
81764,"Inchon,Pyongtaek,Daesan,Qingdao,Shanghai,Hong Kong,Haiphong,Chu Lai,Danang,Shenzhen,Xiamen,Inchon"
81765,"Qinzhou,Haiphong,Laem Chabang,Jakarta,Laem Chabang,Qinzhou"
81766,"Shanghai,Qingdao,Quanzhou,Manila,Davao,Gen San,Shanghai"
81768,"Ningbo-Zhoushan,Shanghai,Xiamen,Shenzhen,Ho Chi Minh City,Jakarta,Semarang,Surabaya,Makassar,Ningbo-Zhoushan"
81821,"Singapore,Laem Chabang,Bangkok,Laem Chabang,Singapore,Port Kelang,Belawan,Port Kelang,Singapore"
81846,"Shanghai,Fukuyama,Mizushima,Mishima-Kawanoe,Hiroshima,Oita,Shanghai"
81847,"Ningbo-Zhoushan,Shanghai,Imari,Mizushima,Fukuyama,Hiroshima,Shibushi,Tianjin,Dalian,Qingdao,Fukuyama,Mizushima,Hiroshima,Hososhima,Shibushi,Ningbo-Zhoushan"
81858,"Dalian,Qingdao,Shanghai,Niigata,Toyama shinko,Otaru,Maizuru,Dalian"
81859,"Shanghai,Sakaiminato,Kanazawa,Shanghai"
81860,"Naha,Ishigaki,Miyako,Kaohsiung,Keelung,Xiamen"
81871,"Tianjin,Maizuru,Niigata,Toyama,Kanazawa,Otaru,Tianjin"
81881,"Busan,Moji,Tokuyama,Oita,Hiroshima,Busan"
81882,"Busan,Hakata,Osaka,Mizushima,Hibiki,Busan"
81883,"Busan,Shibushi,Hososhima,Nakanoseki,Ube,Busan,Hakata,Busan"
81891,"Pyongtaek,Ningbo-Zhoushan,Shanghai,Pyongtaek"
82112,"Busan,Manila,Busan"
82263,"Pyongtaek,Inchon,Hong Kong,Haiphong,Shenzhen,Xiamen,Pyongtaek"
82304,"Kwangyang,Ulsan,Busan,Hong Kong,Singapore,Jakarta,Surabaya,Hong Kong,Shanghai,Kwangyang"
82305,"Inchon,Dalian,Tianjin,Busan,Singapore,Jakarta,Busan,Inchon"
82306,"Kwangyang,Busan,Shanghai,Ho Chi Minh City,Singapore,Port Kelang,Penang,Pasir Gudang,Singapore,Shanghai,Qingdao,Kwangyang"
82307,"Busan,Kwangyang,Shanghai,Hong Kong,Laem Chabang,Bangkok,Laem Chabang,Ho Chi Minh City,Busan"
82321,"Tianjin,Qingdao,Busan,Shanghai,Kaohsiung,Manila,Tianjin"
82322,"Tianjin,Inchon,Busan,Ho Chi Minh City,Laem Chabang,Ho Chi Minh City,Busan,Inchon,Qingdao,Tianjin"
82325,"Busan,Tokyo,Yokohama,Nagoya,Kobe,Busan"
82326,"Tanjung Pelepas,Singapore,Ho Chi Minh City,Tanjung Pelepas"
82327,"Singapore,Tanjung Pelepas,Bangkok,Laem Chabang,Singapore"
82422,"Inchon,Qingdao,Shanghai,Laem Chabang,Bangkok,Laem Chabang,Hong Kong,Xiamen,Inchon"
82423,"Ulsan,Busan,Kwangyang,Ho Chi Minh City,Laem Chabang,Bangkok,Laem Chabang,Ho Chi Minh City,Ulsan"
82424,"Pohang,Ulsan,Busan,Kwangyang,Ho Chi Minh City,Laem Chabang,Bangkok,Laem Chabang,Ho Chi Minh City,Pohang"
82441,"Inchon,Busan,Hong Kong,Haiphong,Shenzhen,Inchon"
82442,"Busan,Inchon,Hong Kong,Haiphong,Hong Kong,Busan"
82453,"Busan,Shimizu,Sendai,Onahama,Busan,Ulsan,Ningbo-Zhoushan,Shanghai,Busan"
82456,"Busan,Kwangyang,Lianyungang,Qingdao,Busan,Ishikariwan Shinko,Tomakomai,Busan"
82457,"Busan,Kwangyang,Tianjin,Busan,Ishikariwan Shinko,Tomakomai,Muroran,Busan"
82492,"Ulsan,Busan,Kwangyang,Qingdao,Dalian,Busan,Niigata,Akita,Ulsan"
82541,"Pohang,Ulsan,Busan,Kwangyang,Shanghai,Singapore,Port Kelang,Penang,Singapore,Hong Kong,Ningbo-Zhoushan,Shanghai,Busan,Pohang"
82542,"Busan,Kwangyang,Shanghai,Ningbo-Zhoushan,Hong Kong,Jakarta,Surabaya,Ho Chi Minh City,Ningbo-Zhoushan,Shanghai,Busan"
82543,"Busan,Inchon,Qingdao,Shanghai,Hong Kong,Shenzhen,Port Kelang,Singapore,Hong Kong,Shenzhen,Busan"
82544,"Qingdao,Busan,Shanghai,Shenzhen,Port Kelang,Penang,Pasir Gudang,Hong Kong,Qingdao"
82561,"Inchon,Busan,Hong Kong,Haiphong,Shenzhen,Inchon"
82563,"Busan,Tokushima,Takamatsu,Fukuyama,Imabari,Matsuyama,Busan"
82565,"Inchon,Busan,Ulsan,Shanghai,Ho Chi Minh City,Laem Chabang,Jakarta,Ho Chi Minh City,Shenzhen,Hong Kong,Inchon"
82566,"Inchon,Daesan,Ningbo-Zhoushan,Shanghai,Inchon"
82567,"Busan,Sakaiminato,Sakata,Toyama shinko,Kanazawa,Busan"
82568,"Busan,Kwangyang,Hong Kong,Ho Chi Minh City,Laem Chabang,Bangkok,Laem Chabang,Hong Kong,Xiamen,Busan"
82569,"Busan,Ulsan,Kwangyang,Hong Kong,Haiphong,Hong Kong,Busan"
82576,"Busan,Pohang,Vladivostok,Pohang,Busan"
82578,"Inchon,Busan,Hong Kong,Haiphong,Qinzhou,Hong Kong,Xiamen,Inchon"
82580,"Inchon,Busan,Shanghai,Haiphong,Shantou,Fuzhou,Inchon"
82581,"Busan,Inchon,Shanghai,Haiphong,Hong Kong,Busan"
82582,"Inchon,Daesan,Kwangyang,Busan,Hong Kong,Manila,Ho Chi Minh City,Shenzhen,Hong Kong,Inchon"
82624,"Inchon,Zhangjiagang,Taicang,Inchon"
82631,"Inchon,Weihai,Inchon"
82632,"Busan,Dalian,Busan"
82633,"Pyongtaek,Kunsan,Kwangyang,Shanghai,Pyongtaek"
82634,"Busan,Kwangyang,Nanjing,Zhangjiagang,Busan"
82635,"Kwangyang,Qingdao,Busan,Ulsan,Kwangyang"
82636,"Busan,Kwangyang,Tianjin,Dalian,Kwangyang,Busan,Moji,Hakata,Shibushi,Cochin,Tokushima,Moji,Busan"
82637,"Ulsan,Busan,Shanghai,Ningbo-Zhoushan,Shanghai,Busan,Niigata,Akita,Tomakomai,Sakata,Ulsan"
82638,"Inchon,Yantai,Inchon"
82641,"Inchon,Daesan,Busan,Kwangyang,Hong Kong,Guangzhou,Shenzhen,Shantou,Inchon"
82652,"Kwangyang,Busan,Tokyo,Yokohama,Nagoya,Kwangyang"
82674,"Busan,Ulsan,Vladivostok,Busan"
82676,"Busan,Pohang,Vladivostok,Busan"
82741,"Shanghai,Ningbo-Zhoushan,Busan,Shimizu,Hitachinaka,Sendai,Onahama,Hososhima,Busan,Ulsan,Kwangyang,Ningbo-Zhoushan,Shanghai,Busan,Niigata,Hakodate,Tomakomai,Kushiro,Hachinohe,Sakata,Busan,Ulsan,Kwangyang,Shanghai"
82742,"Busan,Tokyo,Kawasaki,Yokohama,Nagoya,Busan"
82753,"Inchon,Pyongtaek,Busan,Hong Kong,Haiphong,Shenzhen,Inchon"
82756,"Kwangyang,Busan,Hong Kong,Ho Chi Minh City,Laem Chabang,Bangkok,Laem Chabang,Ho Chi Minh City,Kwangyang"
82759,"Busan,Ulsan,Kwangyang,Ningbo-Zhoushan,Shanghai,Busan,Niigata,Tomakomai,Hakodate,Hachinohe,Busan"
82760,"Inchon,Pyongtaek,Kwangyang,Busan,Ho Chi Minh City,Laem Chabang,Bangkok,Laem Chabang,Ho Chi Minh City,Inchon"
82761,"Inchon,Ningbo-Zhoushan,Shanghai,Inchon"
82763,"Busan,Vostochny,Busan,Ulsan,Kwangyang,Hong Kong,Haiphong,Shenzhen,Xiamen,Busan"
82764,"Busan,Pyongtaek,Dafeng,Busan"
82766,"Inchon,Pyongtaek,Kwangyang,Busan,Ho Chi Minh City,Laem Chabang,Bangkok,Laem Chabang,Ho Chi Minh City,Inchon"
82767,"Shanghai,Ningbo-Zhoushan,Busan,Vostochny,Vladivostok,Shanghai"
82774,"Busan,Vostochny,Busan"
82812,"Busan,Kwangyang,Ningbo-Zhoushan,Shanghai,Busan,Niigata,Toyama shinko,Kanazawa,Tsuruga,Ulsan,Busan"
82823,"Ulsan,Busan,Hiroshima,Kobe,Osaka,Takamatsu,Mizushima,Ulsan"
82824,"Busan,Yokohama,Tokyo,Nagoya,Busan"
82825,"Inchon,Shanghai,Ningbo-Zhoushan,Inchon"
82827,"Busan,Kwangyang,Yantai,Qingdao,Busan"
82842,"Busan,Kwangyang,Shanghai,Busan"
82872,"Busan,Pohang,Niigata,Naoetsu,Toyama,Busan,Ulsan,Kwangyang,Tianjin,Dalian,Busan"
82877,"Kwangyang,Busan,Tokyo,Yokohama,Nagoya,Yokkaichi,Kwangyang"
82879,"Kwangyang,Busan,Osaka,Kobe,Busan,Osaka,Kobe,Ulsan,Busan,Osaka,Kobe,Kwangyang"
82889,"Busan,Kwangyang,Kunsan,Daesan,Qingdao,Busan"
82901,"Kwangyang,Busan,Shanghai,Ho Chi Minh City,Bangkok,Laem Chabang,Ho Chi Minh City,Kwangyang"
82902,"Inchon,Kwangyang,Busan,Hong Kong,Haiphong,Xiamen,Inchon"
82903,"Busan,Qingdao,Tianjin,Busan"
82904,"Kwangyang,Busan,Tokyo,Yokohama,Kobe,Kwangyang"
82905,"Kwangyang,Qingdao,Busan,Shanghai,Ho Chi Minh City,Jakarta,Surabaya,Shenzhen,Kwangyang"
82932,"Pyongtaek,Dalian,Pyongtaek"
82933,"Busan,Dalian,Weihai,Busan"
82934,"Busan,Tangshan,Yantai,Busan"
83102,"Kaohsiung,Tianjin,Qingdao,Taipei,Kaohsiung,Lianyungang,Dalian,Qingdao,Kaohsiung"
83103,"Tianjin,Dalian,Qingdao,Kwangyang,Ningbo-Zhoushan,Hong Kong,Tianjin"
83114,"Ningbo-Zhoushan,Shanghai,Kaohsiung,Taichung,Taipei,Ningbo-Zhoushan"
83116,"Tokyo,Yokohama,Shimizu,Nagoya,Kobe,Taipei,Kaohsiung,Surabaya,Jakarta,Tanjung Pelepas,Bintulu,Kaohsiung,Hong Kong,Shenzhen,Jakarta,Semarang,Surabaya,Manila,Kaohsiung,Taipei,Tokyo"
83117,"Inchon,Qingdao,Shanghai,Ningbo-Zhoushan,Kaohsiung,Manila,Batangas,Subic Bay,Kaohsiung,Kwangyang,Inchon"
83118,"Hong Kong,Shenzhen,Haiphong,Kuantan,Singapore,Tanjung Pelepas,Danang,Haiphong,Qinzhou,Zhanjiang,Hong Kong"
83119,"Ningbo-Zhoushan,Shanghai,Shenzhen,Surabaya,Semarang,Jakarta,Singapore,Laem Chabang,Hong Kong,Ningbo-Zhoushan"
83146,"Kaohsiung,Haiphong,Kaohsiung"
83147,"Kaohsiung,Taichung,Taipei,Fuzhou,Taipei,Quanzhou,Xiamen,Kaohsiung"
83148,"Kaohsiung,Cebu,Gen San,Davao,Kaohsiung"
83151,"Kaohsiung,Cebu,Kaohsiung"
83192,"Port Kelang,Singapore,Haiphong,Ho Chi Minh City,Port Kelang"
83222,"Hong Kong,Shenzhen,Manila,Kota Kinabalu,Sibu,Bintulu,Muara,Hong Kong"
83256,"Port Kelang,Ho Chi Minh City,Tanjung Pelepas,Jakarta,Tanjung Pelepas,Port Kelang"
83260,"Tanjung Pelepas,Singapore,Yangon,Tanjung Pelepas,Surabaya,Semarang,Tanjung Pelepas"
83501,"Guangzhou,Port Kelang,Haiphong,Qinzhou,Hong Kong,Guangzhou"
83562,"Ningbo-Zhoushan,Shanghai,Keelung,Taipei,Taichung,Ningbo-Zhoushan"
83581,"Tokyo,Yokohama,Shanghai,Hong Kong,Ho Chi Minh City,Danang,Hong Kong,Shenzhen,Xiamen,Tokyo"
83582,"Tokyo,Yokohama,Shanghai,Hong Kong,Shenzhen,Ho Chi Minh City,Danang,Hong Kong,Shenzhen,Shenzhen,Tokyo"
83611,"Osaka,Kobe,Fukuyama,Hiroshima,Moji,Ulsan,Taichung,Kaohsiung,Hong Kong,Shenzhen,Haiphong,Zhanjiang,Zhuhai,Hong Kong,Osaka"
83612,"Shanghai,Dalian,Tianjin,Qingdao,Kaohsiung,Taichung,Keelung,Shanghai"
83615,"Tianjin,Qingdao,Lianyungang,Keelung,Taichung,Kaohsiung,Taipei,Shanghai,Tianjin"
83618,"Hong Kong,Kaohsiung,Cebu,Gen San,Davao,Hong Kong"
83625,"Ningbo-Zhoushan,Shanghai,Manila,Subic Bay,Ningbo-Zhoushan"
83626,"Port Kelang,Manila,Davao,Port Kelang"
83627,"Dalian,Tianjin,Qingdao,Hong Kong,Shenzhen,Laem Chabang,Hong Kong,Dalian"
83628,"Shanghai,Qingdao,Xiamen,Hong Kong,Shenzhen,Danang,Ho Chi Minh City,Shenzhen,Shanghai"
83629,"Osaka,Kobe,Shimizu,Yokohama,Tokyo,Taipei,Kaohsiung,Hong Kong,Shenzhen,Haiphong,Shenzhen,Xiamen,Osaka"
83641,"Hong Kong,Taichung,Keelung,Hong Kong"
83642,"Hong Kong,Manila,Shenzhen,Hong Kong"
83643,"Kaohsiung,Haiphong,Kaohsiung"
83646,"Kaohsiung,Manila,Subic Bay,Kaohsiung"
83647,"Hong Kong,Taipei,Taichung,Kaohsiung,Hong Kong"
83654,"Moji,Hakata,Busan,Kwangyang,Keelung,Taichung,Kaohsiung,Hong Kong,Shenzhen,Xiamen,Keelung,Moji"
83655,"Shenzhen,Hong Kong,Bangkok,Laem Chabang,Sihanoukville,Shenzhen"
83682,"Dalian,Tianjin,Lianyungang,Kwangyang,Busan,Shanghai,Guangzhou,Singapore,Port Kelang,Jakarta,Surabaya,Manila,Dalian"
83702,"Nagoya,Tokyo,Chiba,Yokohama,Keelung,Kaohsiung,Hong Kong,Shenzhen,Xiamen,Nagoya"
83703,"Dalian,Tianjin,Qingdao,Hong Kong,Shenzhen,Ho Chi Minh City,Laem Chabang,Ho Chi Minh City,Shenzhen,Hong Kong,Inchon,Dalian"
83704,"Shanghai,Ningbo-Zhoushan,Xiamen,Ho Chi Minh City,Laem Chabang,Hong Kong,Shanghai"
83705,"Shanghai,Ningbo-Zhoushan,Xiamen,Laem Chabang,Bangkok,Ho Chi Minh City,Shenzhen,Shanghai"
83713,"Kaohsiung,Keelung,Hong Kong,Ho Chi Minh City,Kaohsiung,Taichung,Ho Chi Minh City,Kaohsiung"
83718,"Kaohsiung,Taichung,Keelung,Shanghai,Dalian,Tianjin,Qingdao,Lianyungang,Kaohsiung"
83721,"Ningbo-Zhoushan,Shanghai,Keelung,Taichung,Kaohsiung,Ningbo-Zhoushan"
83722,"Shanghai,Keelung,Taichung,Kaohsiung,Ningbo-Zhoushan,Shanghai"
83724,"Tianjin,Qingdao,Fuzhou,Shantou,Hong Kong,Shenzhen,Guangzhou,Shenzhen,Hong Kong,Manila,Davao,Shanghai,Dalian,Tianjin"
83762,"Port Kelang,Jakarta,Surabaya,Singapore,Pasir Gudang,Singapore,Port Kelang"
83771,"Tanjung Pelepas,Singapore,Yangon,Mongla,Tanjung Pelepas"
83811,"Tokyo,Yokohama,Shimizu,Nagoya,Osaka,Kobe,Keelung,Taichung,Kaohsiung,Hong Kong,Shenzhen,Xiamen,Tokyo"
83841,"Tokyo,Yokohama,Nagoya,Yokkaichi,Osaka,Kobe,Keelung,Taichung,Kaohsiung,Hong Kong,Shenzhen,Haiphong,Qinzhou,Shenzhen,Hong Kong,Tokyo"
83851,"Inchon,Qingdao,Shanghai,Laem Chabang,Bangkok,Laem Chabang,Hong Kong,Xiamen,Inchon"
83857,"Inchon,Busan,Kwangyang,Keelung,Taichung,Kaohsiung,Hong Kong,Kaohsiung,Taichung,Keelung,Inchon"
83882,"Shanghai,Tokyo,Yokohama,Sakai-Senboku,Shanghai,Osaka,Kobe,Shanghai"
83883,"Shanghai,Tokyo,Yokohama,Sakai-Senboku,Shanghai"
83885,"Shanghai,Osaka,Kobe,Shanghai,Tokyo,Yokohama,Shanghai"
83894,"Hong Kong,Shenzhen,Hong Kong,Manila,Hong Kong"
83897,"Hong Kong,Keelung,Taichung,Kaohsiung,Hong Kong"
84047,"Tianjin,Osaka,Kobe,Dalian,Osaka,Kobe,Tianjin"
84048,"Weihai,Yantai,Osaka,Kobe,Weihai"
84049,"Qingdao,Osaka,Kobe,Qingdao"
84050,"Qingdao,Osaka,Moji,Hakata,Qingdao"
84053,"Shanghai,Osaka,Kobe,Shanghai"
84054,"Shanghai,Tokyo,Yokohama,Shanghai"
84055,"Shanghai,Yokohama,Tokyo,Shanghai,Nagoya,Shanghai"
84056,"Shanghai,Tokyo,Yokohama,Shanghai,Osaka,Kobe,Shanghai,Nagoya,Shanghai"
84057,"Shanghai,Osaka,Kobe,Shanghai"
84060,"Ningbo-Zhoushan,Tokyo,Yokohama,Ningbo-Zhoushan"
84061,"Shanghai,Nagoya,Shanghai"
84062,"Lianyungang,Qingdao,Osaka,Kobe,Shanghai,Lianyungang"
84063,"Shanghai,Tokyo,Yokohama,Shanghai,Osaka,Kobe,Nagoya,Tokuyama,Shanghai"
84065,"Shanghai,Tokyo,Yokohama,Shanghai"
84105,"Lianyungang,Qingdao,Tokyo,Yokohama,Lianyungang,Qingdao"
84106,"Yingkou,Weihai,Dalian,Tokyo,Yokohama,Nagoya,Yingkou"
84145,"Shanghai,Ningbo-Zhoushan,Shantou,Guangzhou,Laem Chabang,Bangkok,Ho Chi Minh City,Hong Kong,Shanghai"
84153,"Shanghai,Tianjin,Yingkou,Dalian,Qingdao,Ningbo-Zhoushan,Guangzhou,Jakarta,Pasir Gudang,Singapore,Shanghai,Dalian,Tianjin,Qingdao,Ningbo-Zhoushan,Xiamen,Guangzhou,Singapore,Port Kelang,Penang,Hong Kong,Shanghai"
84172,"Shanghai,Taichung,Kaohsiung,Keelung,Shanghai"
84173,"Shanghai,Inchon,Daesan,Dafeng,Shanghai"
84180,"Busan,Qingdao,Busan"
84181,"Busan,Kwangyang,Qingdao,Dalian,Busan"
84182,"Busan,Kwangyang,Ningbo-Zhoushan,Shanghai,Busan"
84184,"Busan,Tianjin,Busan"
84185,"Busan,Lianyungang,Busan"
84213,"Singapore,Surabaya,Singapore"
84259,"Hong Kong,Manila,Shenzhen,Hong Kong"
84261,"Tokyo,Yokohama,Nagoya,Kobe,Osaka,Keelung,Kaohsiung,Shenzhen,Hong Kong,Tokyo"
84343,"Singapore,Port Kelang,Belawan,Port Kelang,Singapore"
84345,"Qinzhou,Shenzhen,Hong Kong,Haiphong,Qinzhou"
84349,"Singapore,Surabaya,Singapore"
84363,"Singapore,Ho Chi Minh City,Singapore"
84413,"Port Kelang,Pasir Gudang,Bangkok,Laem Chabang,Port Kelang,Ho Chi Minh City,Pasir Gudang,Port Kelang"
84415,"Shenzhen,Hong Kong,Dongguan,Haiphong,Shenzhen"
84418,"Port Kelang,Singapore,Semarang,Surabaya,Port Kelang,Singapore,Bangkok,Laem Chabang,Port Kelang"
84454,"Qingdao,Shanghai,Ningbo-Zhoushan,Xiamen,Manila,Batangas,Shantou,Qingdao"
84468,"Tianjin,Dalian,Osaka,Kobe,Tokyo,Yokohama,Nagoya,Tianjin"
84469,"Ningbo-Zhoushan,Shanghai,Inchon,Daesan,Ningbo-Zhoushan"
84474,"Qingdao,Shanghai,Shenzhen,Laem Chabang,Guangzhou,Qingdao,Shanghai,Ningbo-Zhoushan,Ho Chi Minh City,Qingdao"
84475,"Qingdao,Shanghai,Ningbo-Zhoushan,Fuzhou,Shenzhen,Jakarta,Surabaya,Davao,Qinhuangdao,Qingdao"
84591,"Haikou,Manila,Ho Chi Minh City,Bangkok,Laem Chabang,Ho Chi Minh City,Haikou"
84592,"Fuzhou,Quanzhou,Shantou,Haikou,Hong Kong,Ho Chi Minh City,Laem Chabang,Fuzhou"
84593,"Busan,Tangshan,Weifang,Busan"
84681,"Singapore,Port Kelang,Yangon,Port Kelang,Singapore,Port Kelang,Bangkok,Laem Chabang,Singapore"
84688,"Fangcheng,Qinzhou,Yangpu,Zhanjiang,Zhuhai,Dongguan,Guangzhou,Shenzhen,Ho Chi Minh City,Fangcheng"
84696,"Shanghai,Hakata,Moji,Tianjin,Yantai,Dalian,Hakata,Moji,Shanghai"
84697,"Qingdao,Osaka,Kobe,Sakai-Senboku,Qingdao"
84712,"Nanjing,Zhangjiagang,Nantong,Tokyo,Yokohama,Nagoya,Kobe,Nanjing"
84727,"Lianyungang,Qingdao,Busan,Nagoya,Qingdao,Lianyungang"
84729,"Ningbo-Zhoushan,Shanghai,Keelung,Taichung,Kaohsiung,Ningbo-Zhoushan"
84732,"Shantou,Quanzhou,Xiamen,Manila,Shantou"
84733,"Fuzhou,Xiamen,Keelung,Taichung,Fuzhou"
84736,"Shanghai,Ningbo-Zhoushan,Manila,Shanghai"
84737,"Shanghai,Ningbo-Zhoushan,Hong Kong,Haiphong,Danang,Hong Kong,Shanghai"
84761,"Pyongtaek,Dalian,Weihai,Pyongtaek"
84784,"Kaohsiung,Keelung,Kaohsiung,Fuzhou,Xiamen,Kaohsiung"
84791,"Qingdao,Tokyo,Yokohama,Qingdao,Osaka,Kobe,Qingdao"
84796,"Tianjin,Yantai,Dalian,Tokyo,Yokohama,Nagoya,Yingkou,Tianjin"
84799,"Shanghai,Yokohama,Kawasaki,Tokyo,Ulsan,Hitachinaka,Shanghai,Shenzhen,Hong Kong,Haiphong,Taicang,Shanghai"
84801,"Tianjin,Qinhuangdao,Dalian,Nagoya,Yokkaichi,Tokyo,Yokohama,Kawasaki,Tokyo,Qinhuangdao,Tianjin"
84806,"Tianjin,Inchon,Tianjin"
84808,"Inchon,Qingdao,Shanghai,Hong Kong,Ho Chi Minh City,Sihanoukville,Bangkok,Laem Chabang,Haiphong,Fangcheng,Qinzhou,Shenzhen,Xiamen,Inchon"
84811,"Lianyungang,Qingdao,Busan,Hakata,Moji,Lianyungang"
84814,"Taicang,Shanghai,Hakata,Moji,Taicang"
84815,"Sakai-Senboku,Osaka,Kobe,Busan,Shanghai,Ningbo-Zhoushan,Hong Kong,Ho Chi Minh City,Sihanoukville,Bangkok,Laem Chabang,Ho Chi Minh City,Ningbo-Zhoushan,Shanghai,Sakai-Senboku"
84816,"Nagoya,Tokyo,Yokohama,Shanghai,Ningbo-Zhoushan,Xiamen,Ho Chi Minh City,Bangkok,Laem Chabang,Ho Chi Minh City,Ningbo-Zhoushan,Shanghai,Nagoya"
84822,"Shanghai,Osaka,Kobe,Nagoya,Yokkaichi,Busan,Kwangyang,Shanghai,Hong Kong,Haiphong,Hong Kong,Shanghai"
84823,"Ningbo-Zhoushan,Shanghai,Xiamen,Hong Kong,Haiphong,Hong Kong,Ningbo-Zhoushan"
84824,"Shanghai,Hong Kong,Haiphong,Hong Kong,Shanghai"
84825,"Tianjin,Dalian,Shidao,Osaka,Kobe,Moji,Shanghai,Ningbo-Zhoushan,Xiamen,Hong Kong,Shenzhen,Haiphong,Shenzhen,Hong Kong,Huizhou,Xiamen,Ningbo-Zhoushan,Osaka,Kobe,Moji,Tianjin"
84827,"Shanghai,Tokyo,Kawasaki,Yokohama,Shimizu,Nagoya,Ulsan,Busan,Shanghai,Hong Kong,Haiphong,Shanghai"
84829,"Shanghai,Osaka,Kobe,Matsuyama,Shanghai"
84833,"Tianjin,Yantai,Dalian,Qinhuangdao,Tokyo,Yokohama,Nagoya,Taicang,Shanghai,Kawasaki,Tokyo,Shimizu,Nagoya,Kobe,Dalian"
84848,"Qingdao,Dalian,Lianyungang,Qingdao,Tokyo,Yokohama,Nagoya,Tianjin,Yantai,Dalian,Yokohama,Nagoya,Shimizu,Kawasaki,Tokyo,Lianyungang,Qingdao"
84849,"Shanghai,Matsuyama,Shanghai"
84851,"Lianyungang,Qingdao,Osaka,Kobe,Lianyungang"
84855,"Tianjin,Dalian,Qingdao,Lianyungang,Hong Kong,Shenzhen,Ho Chi Minh City,Hong Kong,Tianjin"
84859,"Tokyo,Yokohama,Nagoya,Moji,Shenzhen,Hong Kong,Haiphong,Hong Kong,Guangzhou,Xiamen,Tokyo"
84866,"Qingdao,Busan,Moji,Hakata,Weihai,Qingdao"
84869,"Qingdao,Nagoya,Qingdao"
84874,"Dalian,Hakata,Moji,Weihai,Dalian"
84879,"Shanghai,Inchon,Ningbo-Zhoushan,Shanghai"
84901,"Inchon,Busan,Kwangyang,Shanghai,Manila,Ho Chi Minh City,Hong Kong,Shenzhen,Inchon"
84911,"Shanghai,Yokohama,Tokyo,Taicang,Shanghai,Nagoya,Taicang,Shanghai"
84912,"Taicang,Shanghai,Osaka,Kobe,Naha,Taicang"
84913,"Taicang,Shanghai,Tokyo,Yokohama,Taicang,Shanghai,Osaka,Kobe,Taicang"
84915,"Shanghai,Osaka,Kobe,Shanghai"
84917,"Shanghai,Moji,Hakata,Shanghai"
84921,"Xiamen,Jiangyin,Fuzhou,Mizushima,Osaka,Yokohama,Tokyo,Nagoya,Fuzhou,Xiamen"
84924,"Shanghai,Ningbo-Zhoushan,Shenzhen,Ho Chi Minh City,Sihanoukville,Bangkok,Laem Chabang,Shanghai"
84926,"Lianyungang,Rizhao,Busan,Lianyungang"
84927,"Shanghai,Ningbo-Zhoushan,Keelung,Taichung,Kaohsiung,Shanghai"
84928,"Shantou,Shenzhen,Keelung,Taichung,Kaohsiung,Shantou"
84935,"Hong Kong,Haiphong,Shenzhen,Hong Kong"
84937,"Shenzhen,Huizhou,Shantou,Kaohsiung,Taichung"
84938,"Xiamen,Fuzhou,Xiamen,Kaohsiung,Keelung"
84941,"Ningbo-Zhoushan,Shanghai,Hong Kong,Haiphong,Hong Kong,Qingdao,Shanghai,Hong Kong,Haiphong,Hong Kong"
84946,"Ningbo-Zhoushan,Keelung,Taichung,Kaohsiung,Ningbo-Zhoushan"
84947,"Busan,Inchon,Shanghai,Haiphong,Shenzhen,Hong Kong,Busan"
84948,"Ningbo-Zhoushan,Shanghai,Inchon,Ningbo-Zhoushan"
84949,"Quanzhou,Xiamen,Manila,Quanzhou"
84958,"Hong Kong,Haiphong,Hong Kong"
84959,"Taicang,Ningbo-Zhoushan,Xiamen,Hong Kong,Laem Chabang,Bangkok,Ho Chi Minh City,Hong Kong,Taicang"
84960,"Taicang,Ningbo-Zhoushan,Tokyo,Yokohama,Nagoya,Osaka,Kobe,Hakata,Moji"
84961,"Nanjing,Changzhou,Taicang,Ningbo-Zhoushan,Osaka,Kobe,Tokyo,Yokohama,Ningbo-Zhoushan"
84963_1,"Lianyungang,Inchon,Lianyungang"
84963_2,"Qinhuangdao,Inchon,Qinhuangdao"
84964,"Ningbo-Zhoushan,Shanghai,Hakata,Moji,Tokuyama,Ningbo-Zhoushan"
84965,"Dalian,Nampo"
84967,"Yingkou,Inchon,Yingkou"
84968,"Yantai,Inchon,Yantai"
84970,"Yantai,Pyongtaek,Yantai"
84971,"Qingdao,Yokohama,Tokyo,Qingdao,Osaka,Kobe,Qingdao"
84975,"Hong Kong,Kaohsiung,Hong Kong"
84976,"Shanghai,Taicang,Shanghai,Wenzhou,Keelung,Taichung,Kaohsiung,Shanghai"
84981,"Busan,Lianyungang,Weihai,Busan"
84982,"Fuzhou,Kaohsiung,Fuzhou"
84983,"Taichung,Kaohsiung,Hong Kong,Haiphong,Danang,Ho Chi Minh City,Singapore,Port Kelang,Ho Chi Minh City,Danang,Haiphong,Hong Kong,Kaohsiung,Taichung"
84985,"Tangshan,Weifang,Tokyo,Yokohama,Nagoya,Tangshan,Weifang,Osaka,Kobe,Tangshan"
84986,"Rizhao,Shanghai,Ho Chi Minh City,Laem Chabang,Bangkok,Rizhao"
85147,"Guangzhou,Guangzhou,Shenzhen,Zhanjiang,Singapore,Chittagong,Penang,Singapore,Guangzhou"
85161,"Singapore,Palembang,Singapore"
85163,"Singapore,Jakarta,Panjang,Singapore"
85164,"Singapore,Semarang,Singapore"
85165,"Singapore,Kuantan,Haiphong,Qinzhou,Danang,Qui Nhon,Singapore"
85166,"Singapore,Ho Chi Minh City,Haiphong,Singapore"
85174,"Singapore,Pasir Gudang,Singapore"
85192,"Singapore,Surabaya,Singapore"
85193,"Surabaya,Dili,Makassar,Surabaya"
85287,"Singapore,Port Kelang,Singapore,Kota Kinabalu,Labuan,Bintulu,Singapore"
85289,"Port Kelang,Singapore,Muara,Kota Kinabalu,Pasir Gudang,Port Kelang"
85290,"Singapore,Kuching,Bintulu,Singapore"
85324,"Hong Kong,Haiphong,Ho Chi Minh City,Haiphong,Shenzhen,Hong Kong"
85351,"Hong Kong,Kota Kinabalu,Muara,Kuching,Bintulu,Hong Kong"
85355,"Singapore,Muara,Labuan,Kota Kinabalu,Miri,Bintulu"
85358,"Pasir Gudang,Port Kelang,Singapore,Kuching,Muara,Bintulu,Kota Kinabalu,Pasir Gudang"
85362,"Port Kelang,Belawan,Port Kelang"
85364,"Port Kelang,Singapore,Port Kelang"
85473,"Tokyo,Yokohama,Nagoya,Kobe,Shenzhen,Hong Kong,Laem Chabang,Ho Chi Minh City,Kaohsiung,Tokyo"
85479,"Kaohsiung,Xiamen,Hong Kong,Shenzhen,Port Kelang,Singapore,Jakarta,Singapore,Kaohsiung"
85480,"Busan,Yokohama,Saipan,Guam,Busan"
85481,"Osaka,Kobe,Tokyo,Yokohama,Kaohsiung,Xiamen,Hong Kong,Guangzhou,Shenzhen,Manila,Kaohsiung,Osaka"
85482,"Yokohama,Tokyo,Omaezaki,Nagoya,Kobe,Singapore,Port Kelang,Yokohama"
85502,"Hong Kong,Shenzhen,Manila,Songkhla,Hong Kong"
85523,"Singapore,Tanjung Pelepas,Davao,Gen San,Singapore"
85524,"Hong Kong,Guangzhou,Shenzhen,Manila,Hong Kong"
85525,"Hong Kong,Guangzhou,Shenzhen,Manila,Hong Kong"
85532,"Hong Kong,Shenzhen,Kaohsiung,Subic Bay,Cebu,Cagayan de Oro,Subic Bay,Kaohsiung,Hong Kong"
85533,"Busan,Kwangyang,Kaohsiung,Singapore,Port Kelang,Haiphong,Kaohsiung,Busan"
85555,"Ningbo-Zhoushan,Shanghai,Laem Chabang,Bangkok,Laem Chabang,Ho Chi Minh City,Ningbo-Zhoushan"
85556,"Ningbo-Zhoushan,Shanghai,Shenzhen,Sihanoukville,Bangkok,Laem Chabang,Ningbo-Zhoushan"
85575,"Singapore,Haiphong,Qinzhou,Hong Kong,Shenzhen,Ho Chi Minh City,Singapore,Yangon,Singapore"
85580,"Singapore,Sihanoukville,Songkhla,Singapore"
85584,"Singapore,Yangon,Port Kelang,Singapore,Bangkok,Singapore"
85585,"Singapore,Ho Chi Minh City,Singapore"
85601,"Port Kelang,Singapore,Jakarta,Singapore,Laem Chabang,Port Kelang"
85603,"Singapore,Bangkok,Singapore,Port Kelang,Belawan,Port Kelang,Singapore"
85614,"Singapore,Belawan,Penang,Port Kelang,Singapore"
85616,"Singapore,Palembang,Singapore,Pasir Gudang,Singapore"
85669,"Shanghai,Ningbo-Zhoushan,Shenzhen,Jakarta,Semarang,Surabaya,Hong Kong,Shanghai"
85671,"Singapore,Jakarta,Port Kelang,Singapore"
85675,"Kaohsiung,Manila,Kaohsiung"
85677,"Port Kelang,Singapore,Pasir Gudang,Haiphong,Pasir Gudang,Singapore,Port Kelang"
85678,"Kaohsiung,Hong Kong,Shenzhen,Jakarta,Semarang,Surabaya,Kaohsiung"
85711,"Singapore,Pasir Gudang,Singapore"
85712,"Singapore,Palembang,Pasir Gudang"
85713,"Singapore,Pontianak,Pasir Gudang"
85772,"Port Kelang,Singapore,Pasir Gudang,Kuching,Bangkok,Port Kelang"
86081,"Ningbo-Zhoushan,Shanghai,Kaohsiung,Singapore,Chittagong,Tanjung Pelepas,Singapore,Keelung,Ningbo-Zhoushan"
86085,"Shanghai,Busan,Vladivostok,Busan,Tianjin,Qingdao,Shanghai,Ho Chi Minh City,Laem Chabang,Batangas,Manila,Shanghai,Ningbo-Zhoushan,Kaohsiung,Manila,Cagayan de Oro,Cebu,Hong Kong,Shenzhen,Batangas,Cagayan de Oro,Gen San,Davao,Cagayan de Oro,Shanghai"
86088,"Tianjin,Qingdao,Lianyungang,Hong Kong,Tanjung Pelepas,Singapore,Jakarta,Surabaya,Semarang,Tanjung Pelepas,Singapore,Hong Kong,Tianjin"
86091,"Kwangyang,Inchon,Kwangyang,Qingdao,Xiamen,Hong Kong,Shenzhen,Manila,Subic Bay,Kwangyang"
86095,"Tokyo,Yokohama,Nagoya,Kobe,Hong Kong,Ho Chi Minh City,Laem Chabang,Hong Kong,Tokyo"
86097,"Shanghai,Ningbo-Zhoushan,Hong Kong,Shenzhen,Yangon,Tanjung Pelepas,Singapore,Ho Chi Minh City,Danang,Hong Kong,Shanghai,Ningbo-Zhoushan,Busan,Vostochny,Busan,Hakata,Shanghai"
86098,"Tanjung Pelepas,Singapore,Qui Nhon,Hong Kong,Kaohsiung,Taichung,Shenzhen,Hong Kong,Ho Chi Minh City,Sihanoukville,Tanjung Pelepas"
86099,"Shanghai,Guangzhou,Shenzhen,Hong Kong,Chittagong,Port Kelang,Tanjung Pelepas,Haiphong,Shenzhen,Shanghai"
86101,"Busan,Vladivostok,Busan,Kwangyang,Qingdao,Shanghai,Ningbo-Zhoushan,Kaohsiung,Tanjung Pelepas,Jakarta,Surabaya,Shenzhen,Hong Kong,Ningbo-Zhoushan,Shanghai,Busan"
86103,"Taichung,Xiamen,Shenzhen,Guangzhou,Tanjung Pelepas,Singapore,Jakarta,Surabaya,Jakarta,Tanjung Pelepas,Singapore,Batangas,Manila,Subic Bay,Hong Kong,Shenzhen,Taichung"
86104,"Hong Kong,Haiphong,Shenzhen,Hong Kong"
86119,"Tanjung Pelepas,Singapore,Kota Kinabalu,Sandakan,Tawau,Tanjung Pelepas"
86120,"Tanjung Pelepas,Singapore,Kuching,Bintulu,Tanjung Pelepas"
86122,"Singapore,Muara,Gen San,Davao,Singapore"
86163,"Tanjung Pelepas,Singapore,Ho Chi Minh City,Tanjung Pelepas"
86183,"Singapore,Tanjung Pelepas,Haiphong,Qui Nhon,Danang,Singapore"
86187,"Port Kelang,Singapore,Ho Chi Minh City,Port Kelang"
86188,"Singapore,Haiphong,Ho Chi Minh City,Singapore,Tanjung Pelepas,Sihanoukville,Laem Chabang,Singapore"
86189,"Tanjung Pelepas,Singapore,Danang,Haiphong,Danang,Qui Nhon,Singapore,Tanjung Pelepas"
86225,"Tanjung Pelepas,Singapore,Songkhla,Kuantan,Tanjung Pelepas"
86226,"Tanjung Pelepas,Singapore,Merak,Panjang,Tanjung Pelepas"
86233,"Tanjung Pelepas,Port Kelang,Yangon,Port Kelang,Laem Chabang,Ho Chi Minh City,Tanjung Pelepas"
86237,"Singapore,Tanjung Pelepas,Laem Chabang,Singapore"
86239,"Singapore,Port Kelang,Penang,Singapore"
86251,"Tanjung Pelepas,Singapore,Belawan,Tanjung Pelepas"
86262,"Busan,Vladivostok,Vostochny,Korsakov,Kholmsk,Busan"
86264,"Vladivostok,Vostochny,Busan,Qingdao,Shanghai,Ningbo-Zhoushan,Busan,Vladivostok"
86267,"Busan,Hakata,Moji,Nagoya,Busan"
86268,"Vladivostok,Vostochny,Hong Kong,Shenzhen,Xiamen,Ningbo-Zhoushan,Shanghai,Vladivostok"
86269,"Busan,Vladivostok,Busan"
86277,"Busan,Zarubino,Busan"
86281,"Singapore,Tanjung Pelepas,Surabaya,Semarang,Singapore,Singapore"
86283,"Singapore,Bangkok,Singapore"
86291,"Korsakov,Busan,Korsakov"
86302,"Singapore,Panjang,Jakarta,Singapore,Pasir Gudang,Tanjung Pelepas,Port Kelang,Singapore"
86303,"Singapore,Belawan,Tanjung Pelepas,Singapore,Penang,Singapore"
86305,"Singapore,Ho Chi Minh City,Singapore"
86306,"Singapore,Tanjung Pelepas,Penang,Port Kelang,Singapore"
86316,"Hong Kong,Shenzhen,Hong Kong,Haiphong,Qinzhou,Hong Kong,Fuzhou,Shantou,Hong Kong"
86317,"Ningbo-Zhoushan,Osaka,Kobe,Yokkaichi,Nagoya,Ningbo-Zhoushan,Omaezaki,Yokohama,Tokyo,Hakata,Kwangyang,Ningbo-Zhoushan"
86318,"Singapore,Ho Chi Minh City,Singapore"
86321,"Singapore,Laem Chabang,Bangkok,Laem Chabang,Singapore"
86323,"Singapore,Bangkok,Kuantan,Singapore,Penang,Singapore"
86326,"Singapore,Haiphong,Qui Nhon,Singapore"
86327,"Singapore,Haiphong,Danang,Singapore"
86328,"Singapore,Ho Chi Minh City,Singapore,Jakarta,Singapore"
86344,"Singapore,Sihanoukville,Singapore"
86345,"Singapore,Kuantan,Songkhla,Kuantan,Singapore"
86346,"Singapore,Belawan,Singapore"
86361,"Singapore,Yangon,Port Kelang,Yangon,Singapore"
86363,"Singapore,Yangon,Penang,Pasir Gudang,Singapore"
86365,"Singapore,Surabaya,Singapore"
86366,"Singapore,Semarang,Singapore"
86368,"Singapore,Yangon,Port Kelang,Yangon,Singapore"
86369,"Singapore,Palembang,Singapore"
86415,"Port Kelang,Penang,Pasir Gudang,Singapore,Jakarta"
86424,"Port Kelang,Jakarta,Port Kelang"
86432,"Singapore,Surabaya,Singapore"
86445,"Hong Kong,Shenzhen,Haiphong,Zhanjiang,Hong Kong"
86446,"Singapore,Laem Chabang,Singapore"
86448,"Kaohsiung,Haiphong,Kaohsiung"
86453,"Singapore,Ho Chi Minh City,Haiphong,Ho Chi Minh City,Singapore"
86454,"Hong Kong,Haiphong,Hong Kong"
86476,"Shenzhen,Hong Kong,Haiphong,Ho Chi Minh City,Haiphong,Shenzhen"
86479,"Singapore,Ho Chi Minh City,Haiphong,Ho Chi Minh City,Singapore"
86503,"Port Kelang,Ho Chi Minh City,Singapore,Port Kelang"
86511,"Busan,Tianjin,Busan"
86512,"Busan,Dalian,Busan"
86553,"Singapore,Yangon,Port Kelang,Singapore"
86721,"Shanghai,Qingdao,Ningbo-Zhoushan,Guangzhou,Hong Kong,Surabaya,Darwin,Port Moresby,Townsville,Kaohsiung,Shanghai"
90204,"Bremerhaven,Stavanger,Bergen,Aalesund,Bremerhaven"
90235,"Tilbury,Moerdijk,Rotterdam,Vigo,Leixoes,Lisbon,Setubal,Tilbury"
90236,"Figueira da Foz,Leixoes,Lisbon,Sines,Casablanca,Figueira da Foz"
90239,"Sines,Bilbao,Gijon,Vigo,Sines"
90242,"Rotterdam,Antwerp,Leixoes,Sines,Setubal,Liverpool,Greenock,Sines,Leixoes,Vigo,Rotterdam"
90243,"Liverpool,Dublin,Leixoes,Huelva,Leixoes,Vigo,Liverpool"
90251,"Bremerhaven,Helsinki,Rauma,Wilhelmshaven,Bremerhaven,Tallinn,Kotka,Bremerhaven"
90254,"Rotterdam,St Petersburg,Rotterdam"
90259,"Felixstowe,Goteborg,Gdansk,Gavle,Norrkoping,Felixstowe"
90267,"Gdansk,Kaliningrad,Riga,Gdansk"
90269,"Bremerhaven,Helsingborg,Drammen,Bremerhaven"
90271,"Antwerp,Rotterdam,St Petersburg,Kotka,Antwerp"
90273,"Hamburg,St Petersburg,Rauma,Hamburg,Tallinn,Helsinki,Hamburg"
90274,"Wilhelmshaven,Hamburg,Ust Luga,St Petersburg,Wilhelmshaven"
90278,"Hamburg,Kotka,Helsinki,Hamburg"
90285,"Rotterdam,Oslo,Moss,Brevik,Rotterdam"
90299,"Hamburg,Fredericia,Oslo,Goteborg,Hamburg"
90301,"Antwerp,Riga,Norrkoping,Le Havre,Antwerp"
90302,"Antwerp,Bremerhaven,Kotka,Le Havre,Antwerp"
90303,"Antwerp,Bremerhaven,Kaliningrad,Rauma,Antwerp"
90304,"Le Havre,Rotterdam,Bremerhaven,Gdynia,Klaipeda,Le Havre"
90305,"Bremerhaven,Rotterdam,Helsingborg,Goteborg,Bremerhaven"
90306,"Antwerp,Oslo,Larvik,Kristiansand,Antwerp"
90307,"Bremerhaven,Rotterdam,St Petersburg,Bremerhaven"
90308,"Bremerhaven,Antwerp,Stockholm,Gavle,Bremerhaven"
90309,"Antwerp,Fredericia,Aarhus,Copenhagen,Antwerp"
90310,"Antwerp,Bremerhaven,Tallinn,Helsinki,Antwerp"
90313,"Antwerp,St Petersburg,Gavle,Antwerp"
90322,"Rotterdam,Cork,Rotterdam"
90332,"Le Havre,Southampton,Belfast,Greenock,Le Havre"
90338,"Rotterdam,Uddevalla,Goteborg,Rotterdam"
90344,"Hamburg,Bremerhaven,Kaliningrad,Hamburg"
90352,"Hull,Rotterdam,Varberg,Stockholm,Norrkoping,Aarhus,Swinoujscie,Klaipeda,Ventspils,Riga,Tallinn,St Petersburg,Helsinki,Kotka,Hamina,Rauma"
90354,"Rotterdam,Hamburg,Bremerhaven,Tananger,Egersund,Husoy,Maaloy,Bergen,Sauda,Kvinesdal,Holla,Aalesund,Gjemnes"
90357,"Rotterdam,Bilbao,Vigo,Gijon,Le Havre,Rotterdam"
90359,"Rotterdam,Hull,Tilbury"
90360,"Rotterdam,Dublin,Waterford,Cork,Rotterdam"
90361,"Moerdijk,Oslo,Moss,Moerdijk"
90364,"Hamburg,Bremerhaven,Szczecin,Drammen,Hamburg"
90367,"Immingham,Rotterdam,Hamburg,Immingham,Klaipeda,Gdynia,Szczecin,Immingham"
90368,"Rotterdam,Felixstowe,Teesport,Grangemouth,Rotterdam"
90369,"Bremerhaven,Hamburg,Helsingborg,Halmstad,Goteborg,Bremerhaven"
90370,"Wilhelmshaven,Rotterdam,Goteborg,Aarhus,Wilhelmshaven"
90371,"Rotterdam,St Petersburg,Umea,Sundsvall,Rotterdam"
90372,"Rotterdam,Immingham,Grangemouth,Felixstowe,Rotterdam"
90374,"Immingham,Gdynia,Szczecin,Immingham"
90379,"Antwerp,Rotterdam,St Petersburg,Antwerp"
90391,"Wilhelmshaven,Bremerhaven,Kronshtadt,St Petersburg,Rauma,Wilhelmshaven"
90392,"Hamburg,Bremerhaven,Kronshtadt,St Petersburg,Gdansk,Hamburg"
90393,"Rotterdam,Hamburg,Oslo,Moss,Brevik,Larvik,Kristiansand,Fredrikstad,Drammen,Stavanger,Helsingborg"
90395,"Wilhelmshaven,Bremerhaven,Klaipeda,Wilhelmshaven,Bremerhaven,Riga,Copenhagen,Wilhelmshaven"
90398,"Bremerhaven,Malmo,Rauma,Kotka,Zeebrugge,Bremerhaven"
90399,"Wilhelmshaven,Goteborg,Wilhelmshaven"
90401,"Rotterdam,Dublin,Rotterdam"
90403,"Hamburg,Gdynia,Klaipeda,Hamburg"
90404,"Rotterdam,Oslo,Goteborg,Rotterdam"
90405,"Le Havre,Southampton,Liverpool,Greenock,Le Havre"
90406,"Rotterdam,Dublin,Southampton,Le Havre,Rotterdam,Lisbon,Leixoes,Rotterdam"
90407,"Gdansk,Helsinki,Riga,Klaipeda,Gdansk"
90412,"Rotterdam,St Petersburg,Rotterdam"
90421,"Bremerhaven,Hamburg,Helsinki,Kotka,Rotterdam,Kotka,Helsinki,Bremerhaven"
90422,"Rotterdam,St Petersburg,Rotterdam"
90423,"Rotterdam,Helsinki,Kotka,Rotterdam"
90424,"Hamburg,Ust Luga,St Petersburg,Hamburg"
90425,"Rotterdam,Riga,Tallinn,Rotterdam,Klaipeda,Gdynia,Rotterdam"
90495,"Gdynia,Tees,Gdynia"
90497,"Tilbury,Helsingborg,Gdynia,Tilbury,Bilbao,Tilbury"
90532,"Bremerhaven,Hamburg,Gdynia,Bremerhaven,Hamburg,Riga,Kotka,Wilhelmshaven,Bremerhaven"
90533,"Bremerhaven,Hamburg,Norrkoping,Stockholm,Gavle,Hamburg,Bremerhaven,Klaipeda,Rauma,Bremerhaven"
90534,"Bremerhaven,Hamburg,Fredericia,Aarhus,Aalborg,Copenhagen,Kalundborg,Malmo,Stockholm,Norrkoping"
90536,"Rotterdam,St Petersburg,Rotterdam"
90537,"Gdansk,Gdynia,St Petersburg,Kotka,Gdansk"
90553,"Liverpool,Greenock,Manchester,Belfast,Dublin,Cork"
90554,"Rotterdam,Immingham,Grangemouth,Antwerp,Rotterdam,Felixstowe,Teesport,Grangemouth,Felixstowe,Rotterdam,Dunkirk,Montoir,Brest,Rotterdam"
90596,"Wilhelmshaven,Felixstowe,Kotka,Wilhelmshaven"
90597,"Gdansk,Ust Luga,St Petersburg,Gdansk"
90598,"Bremerhaven,Oslo,Fredrikstad,Moss,Larvik,Bremerhaven"
90599,"Wilhelmshaven,Bremerhaven,Aarhus,Goteborg,Wilhelmshaven"
90603,"Wilhelmshaven,Bremerhaven,Copenhagen,Gdansk,Norrkoping,Wilhelmshaven"
90604,"Gdansk,Tallinn,Klaipeda,Gdansk"
90605,"Antwerp,Felixstowe,Kotka,Sillamae,Antwerp"
90632,"Moerdijk,Immingham,Moerdijk"
90672,"Antwerp,Bilbao,Gijon,Antwerp"
90675,"Antwerp,Le Havre,Bordeaux,Antwerp"
90682,"Le Havre,Antwerp,Dublin,Le Havre"
90683,"Antwerp,Tees,Grangemouth,Antwerp"
90684,"Antwerp,Tilbury,Antwerp,Dunkirk,Le Havre,Antwerp"
90701,"Rotterdam,Goteborg,Aarhus,Rotterdam,Lisbon,Leixoes,London-Gateway,Rotterdam"
90702,"Rotterdam,Immingham,Grangemouth,Felixstowe,Rotterdam"
90735,"Hamburg,Bremerhaven,Gdynia,Klaipeda,Riga,Tallinn,Rauma,Hamburg"
90737,"Bremerhaven,Hamburg,St Petersburg,Kotka,Helsinki,Gdynia,Bremerhaven"
90741,"Rotterdam,St Petersburg,Kotka,Gdansk,St Petersburg,Kotka,Rotterdam"
90743,"Hamburg,Bremerhaven,Copenhagen,Helsingborg,Goteborg,Aarhus,Hamburg"
90744,"Bremerhaven,Hamburg,Halmstad,Gdynia,Bremerhaven"
90745,"Antwerp,Rotterdam,Gdynia,St Petersburg,Helsinki,Gdynia,Antwerp"
90801,"Tees,Rotterdam,Klaipeda,St Petersburg,Helsinki,Klaipeda,Tees,Rotterdam,Helsinki,Riga,Tees"
90802,"Tees,Zeebrugge,Rotterdam,Helsinki,St Petersburg,Helsinki,Riga,Klaipeda,Tees"
90803,"Tees,Rotterdam,St Petersburg,Klaipeda,Gdynia,Tees,Thamesport,Lubeck,Helsinki,Riga,Gdynia,Tees"
90805,"Lubeck,Aarhus,Helsinki,St Petersburg,Lubeck"
91013,"Bilbao,Dublin,Liverpool,Bilbao"
91014,"Bilbao,Liverpool,Bristol,Bilbao"
91015,"Bilbao,Liverpool,Bilbao"
91029,"Tilbury,Dunkirk,Rotterdam,Setubal,Leixoes,Liverpool,Dublin,Bristol,Setubal,Leixoes,Tilbury"
91038,"Tilbury,Rotterdam,Bilbao,Tilbury"
91039,"Bilbao,Liverpool,Greenock,Bilbao"
91046,"Bremerhaven,Hamburg,Stockholm,Norrkoping,Ahus,Bremerhaven"
91049,"Tangier,Algeciras,Lisbon,Vigo,Leixoes,Tangier"
91092,"Amsterdam,Tilbury,Amsterdam"
91103,"Bristol,Cardiff,Dublin,Warrenpoint,Bristol"
91111,"Zeebrugge,Hull,Zeebrugge"
91203,"Hamburg,Antwerp,Kokkola,Oulu,Kemi,Hamburg"
91204,"Hamburg,Bremerhaven,Kemi,Oulu,Tornio,Pitea,Hamburg"
91205,"Hamburg,Bremerhaven,Sodertalje,Karlshamn,Ahus,Hamburg"
93401,"Felixstowe,Rotterdam,Hamburg,Antwerp,Le Havre,Limassol,Ashdod,Haifa,Ashdod,Valencia,Felixstowe"
93551,"Felixstowe,Rotterdam,Bremerhaven,Antwerp,Marsaxlokk,Piraeus,Istanbul,Istanbul,Gemlik,Izmir,Marsaxlokk,Valencia,Tangier,Felixstowe"
93563,"Felixstowe,Antwerp,Hamburg,Marsaxlokk,Alexandria,Beirut,Mersin,Port Said,Salerno,Algeciras,Felixstowe"
93580,"Felixstowe,Hamburg,Antwerp,Cagliari,Piraeus,Istanbul,Istanbul,Izmir,Salerno,Felixstowe"
93582,"Rotterdam,Felixstowe,Hamburg,Antwerp,Casablanca,Piraeus,Alexandria,Haifa,Mersin,Piraeus,Casablanca,Rotterdam"
96030,"Marsaxlokk,Alexandria,Mersin,Haifa,Fos,Valencia,Marsaxlokk"
96031,"Algeciras,Genoa,Fos,Barcelona,Valencia,Casablanca,Algeciras"
96034,"Algeciras,Vado Ligure,Civitavecchia,Livorno,Naples,Algeciras"
96113,"Istanbul,Arzew,Istanbul,Constantza,Istanbul"
96171,"Marsaxlokk,Algeciras,Tangier,Valencia,Algiers,Oran,Bejaia,Annaba,Skikda,Tunis"
96189,"Marsaxlokk,Tunis,Valencia,Marsaxlokk"
96191,"Marsaxlokk,Misurata,El Khoms,Sfax,Marsaxlokk"
96194,"Port Said,Damietta,Mersin,Iskenderun,Port Said"
96195,"Valencia,La Spezia,Fos,Algiers,Valencia"
96198,"Algeciras,Tangier,Oran,Algeciras"
96199,"Port Said,Izmir,Port Said"
96201,"Port Said,Damietta,Novorossisk,Port Said"
96332,"Marsaxlokk,Algiers,Marseille,Livorno,Civitavecchia,Catania,Marsaxlokk,Mersin,Iskenderun,Tripoli (Lebanon),Beirut,Damietta,Alexandria,Marsaxlokk"
96335,"Izmir,Piraeus,Thessaloniki,Gemlik,Marsaxlokk,Misurata,El Khoms,Marsaxlokk,Izmir"
96336,"Marsaxlokk,Bejaia,Algeciras,Casablanca,Marsaxlokk,Odessa,Constantza,Istanbul,Izmir,Marsaxlokk"
96337,"Damietta,Alexandria,Beirut,Lattakia,Mersin,Odessa,Novorossisk,Istanbul,Thessaloniki,Damietta"
96355,"Algeciras,Tangier,Oran,Algeciras"
96358,"Beirut,Port Said,Antalya,Lattakia,Beirut"
96361,"Port Said,Beirut,Tartous,Lattakia,Port Said"
96362,"Beirut,Limassol,Kastelorizo,Antalya,Beirut"
96381,"La Spezia,Genoa,Marseille,Gandia,Ghazaouet,Oran,La Spezia"
96394,"Marsaxlokk,Piraeus,Thessaloniki,Marsaxlokk,Rijeka,Koper,Venice,Ravenna,Marsaxlokk"
96397,"Thessaloniki,Piraeus,Bari,Thessaloniki"
96723,"Piraeus,Alexandria,Durres,Piraeus"
96724,"Ashdod,Haifa,Fos,Genoa,Livorno,Naples,Ashdod"
96779,"Istanbul,Gemlik,Yarimca,Izmir,Famagusta,Mersin,Haifa,Ashdod,Istanbul"
96783,"Valencia,La Spezia,Fos,Barcelona,Castellon,Valencia,Casablanca,Piraeus,Tekirdag,Istanbul,Istanbul,Gemlik,Izmir,Valencia"
96821,"Haifa,Ashdod,Koper,Trieste,Ravenna,Venice,Haifa"
96822,"Gioia Tauro,Haifa,Ashdod,Port Said,Alexandria,Gioia Tauro"
96831,"Gioia Tauro,Koper,Ploce,Rijeka,Gioia Tauro"
96832,"Gioia Tauro,Bar,Bari,Gioia Tauro"
96833,"Ravenna,Trieste,Venice,Ancona,Koper,Gioia Tauro,Beirut,Mersin,Iskenderun,Alexandria,Ravenna"
96834,"Tekirdag,Trieste,Venice,Koper,Ravenna,Izmir,Gemlik,Istanbul,Istanbul,Tekirdag"
96838,"Tekirdag,Istanbul,Constantza,Odessa,Tekirdag"
96839,"Gioia Tauro,Tekirdag,Burgas,Odessa,Chornomorsk,Batumi,Tekirdag,Gioia Tauro"
96841,"Piraeus,Thessaloniki,Volos,Iraklion,Aliaga,Piraeus"
96843,"Tekirdag,Poti,Batumi,Trabzon,Samsun"
96844,"Istanbul,Tekirdag,Burgas,Varna,Istanbul"
96848,"Tekirdag,Thessaloniki,Tekirdag"
96849,"Istanbul,Novorossisk,Istanbul"
96854,"Alexandria,Novorossisk,Istanbul,Istanbul,Izmir,Mersin,Haifa,Ashdod,Alexandria"
96855,"Ashdod,Haifa,Gemlik,Istanbul,Istanbul,Ashdod"
96856,"Alexandria,Ashdod,Novorossisk,Alexandria"
96861,"Gioia Tauro,Alexandria,Beirut,Mersin,Iskenderun,Piraeus,Gioia Tauro,Naples,La Spezia,Genoa,Gioia Tauro"
96864,"Izmir,Piraeus,Antalya,Lattakia,Tartous,Izmir"
96865,"Gioia Tauro,Durres,Gioia Tauro,Catania,Pozzallo,Gioia Tauro"
96866,"Piraeus,Antalya,Piraeus"
97014,"Damietta,Piraeus,Ancona,Koper,Rijeka,Venice,Damietta"
97015,"Genoa,Livorno,Civitavecchia,Salerno,Cagliari,Alexandria,Damietta,Beirut,Mersin,Izmir,Piraeus,Genoa"
97020,"Piraeus,Istanbul,Novorossisk,Odessa,Constantza,Istanbul,Piraeus"
97121,"La Spezia,Genoa,Gemlik,Istanbul,Istanbul,Aliaga,Salerno,La Spezia"
97122,"Genoa,La Spezia,Salerno,Piraeus,Istanbul,Istanbul,Mersin,Beirut,Alexandria,Salerno,La Spezia,Genoa,Casablanca,Setubal,Genoa"
97241,"Istanbul,Varna,Constantza,Istanbul,Gemlik,Piraeus,Tangier,Casablanca,Piraeus,Yarimca,Gemlik,Istanbul"
97245,"Valencia,Castellon,Barcelona,Fos,Genoa,Cagliari,Piraeus,Alexandria,Beirut,Mersin,Iskenderun,Lattakia,Alexandria,Izmir,Piraeus,Valencia"
97246,"Valencia,Castellon,Algiers,Barcelona,Valencia"
97248,"La Spezia,Vado Ligure,Barcelona,Valencia,Algiers,La Spezia"
97249,"Barcelona,Algiers,Barcelona"
97252,"Valencia,Oran,Barcelona,Valencia"
97253,"Valencia,Castellon,Barcelona,Fos,Thessaloniki,Istanbul,Yarimca,Gemlik,Aliaga,Valencia"
97257,"Yarimca,Gemlik,Istanbul,Istanbul,Aliaga,Alexandria,Port Said,Damietta,Yarimca"
97261,"Tangier,Valencia,Algiers,Tangier"
97290,"Piraeus,Istanbul,Izmir,Thessaloniki,Piraeus"
97309,"Piraeus,Alexandria,Beirut,Limassol,Piraeus,Ancona,Venice,Trieste,Koper,Ravenna,Ancona,Piraeus"
97319,"Piraeus,Ancona,Bari,Piraeus"
97320,"Piraeus,Izmir,Ashdod,Haifa,Iskenderun,Mersin,Piraeus"
97321,"Piraeus,Poti,Novorossisk,Piraeus"
97323,"Piraeus,Istanbul,Istanbul,Odessa,Constantza,Varna,Gemlik,Piraeus"
97324,"Piraeus,Misurata,Algiers,Bizerte,Piraeus"
97346,"Port Said,Damietta,Ashdod,Port Said"
97347,"Port Said,Port Said,Damietta,Lattakia,Mersin,Port Said"
97348,"Port Said,Beirut,Limassol,Port Said"
97350,"Port Said,Damietta,Mersin,Haifa,Port Said"
97352,"Marsaxlokk,Piraeus,Mersin,Iskenderun,Izmir,Aliaga,Marsaxlokk"
97359,"Marsaxlokk,Catania,Salerno,Naples,Livorno,Genoa,Livorno,Naples,Salerno,Marsaxlokk"
97376,"Piraeus,Naples,Piraeus"
97379,"Piraeus,Limassol,Lattakia,Piraeus"
97381,"Marsaxlokk,Piraeus,Poti,Varna,Marsaxlokk"
97382,"Piraeus,Istanbul,Istanbul,Odessa,Constantza,Varna,Istanbul,Piraeus"
97383,"Damietta,Alexandria,Beirut,Lattakia,Damietta"
97401,"Valencia,Barcelona,Fos,Bejaia,Valencia"
97402,"La Spezia,Fos,Barcelona,Algiers,La Spezia"
97422,"Gioia Tauro,Benghazi,Tripoli (Libya),Misurata,El Khoms"
97444,"Piraeus,Rijeka,Koper,Venice,Ancona,Piraeus,Istanbul,Istanbul,Istanbul,Gemlik,Thessaloniki,Izmir,Piraeus"
97445,"Haifa,Ashdod,Koper,Ravenna,Venice,Piraeus,Haifa"
97481,"Istanbul,Gemlik,Izmir,El Khoms,Sousse,Izmir,Gemlik,Istanbul"
97507,"Istanbul,Istanbul,Yarimca,Gemlik,Piraeus,Thessaloniki,Izmir,Haifa,Ashdod,Antalya,Istanbul"
97509,"Mersin,Beirut,Port Said,Alexandria,Mersin"
97513,"Istanbul,Istanbul,Constantza,Odessa,Istanbul"
97514,"Piraeus,Thessaloniki,Novorossisk,Constantza,Varna,Istanbul,Piraeus"
97515,"Alexandria,Mersin,Novorossisk,Odessa,Piraeus,Alexandria"
97580,"Port Said,Istanbul,Istanbul,Izmir,Port Said,Beirut,Lattakia,Port Said"
97635,"Valencia,Barcelona,Leixoes,Algeciras,Tangier,Casablanca,Leixoes,Lisbon,Algeciras,Casablanca,Algeciras,Leixoes,Valencia"
97652,"Marsaxlokk,Bar,Ancona,Split,Ploce,Marsaxlokk,Catania,Durres,Marsaxlokk"
97655,"Marsaxlokk,Tunis,Marsaxlokk"
97683,"Tangier,Algeciras,Valencia,Tunis,Tangier"
97736,"Mersin,Istanbul,Yarimca,Gemlik,Aliaga,Algeciras"
97858,"Istanbul,Istanbul,Gemlik,Istanbul,Poti,Samsun,Constantza,Istanbul,Burgas,Varna,Istanbul"
97864,"Istanbul,Istanbul,Burgas,Varna,Istanbul"
97865,"Iskenderun,Mersin,Novorossisk,Iskenderun"
97903,"Istanbul,Bizerte,Barcelona,Annaba,Algiers,Aliaga,Gemlik,Istanbul,Istanbul"
97904,"Aliaga,Gemlik,Istanbul,Istanbul,Misurata,El Khoms,Mersin,Istanbul,Aliaga"
97912,"Castellon,Barcelona,Sfax,Misurata,Mersin,Castellon"
97942,"Izmir,Istanbul,Gemlik,Yarimca,Misurata,Bizerte,Algiers,Tarragona,Castellon,Misurata,Piraeus,Izmir"
97944,"Izmir,Istanbul,Yarimca,Alexandria,Izmir"
98051,"Sfax,Novorossisk,Istanbul,Sfax"
98275,"La Spezia,Sfax,Sousse,La Spezia"
98391,"Barcelona,Castellon,Alicante,Ghazaouet,Algiers,Barcelona"
98802,"Koper,Venice,Ancona,Istanbul,Izmit,Gemlik,Izmir,Beirut,Lattakia,Mersin,Alexandria,Misurata,Koper"
98851,"Istanbul,Rostov,Istanbul"
98862,"Ashdod,Aliaga,Yarimca,Novorossisk,Odessa,Istanbul,Ashdod"
98871,"Beirut,Tripoli (Lebanon),Lattakia,Alexandria,Port Said,Beirut"
98884,"Piraeus,Limassol,Piraeus"
98885,"Thessaloniki,Limassol,Thessaloniki"
98887,"Piraeus,Limassol,Haifa,Piraeus"
377e,"Jebel Ali,Bandar Abbas,Bushehr,Bandar Imam Khomeini,Chabahar,Bandar Assaluyeh"
378d,"Colombo,Cochin,Colombo,Tuticorin,Colombo"
378g,"Colombo,Goa,Mangalore,Colombo"
3799A,"Jeddah,King Abdullah,Port Sudan,Berbera,Jeddah"
3799F,"King Abdullah,Aden,Berbera,Mukalla,King Abdullah"
3799J,"Salalah,Doha,Salalah"
627b,"Jacksonville,Port Everglades,Barcadera,Willemstad,Bonaire,La Guaira,Puerto Cabello,Jacksonville"
837a,"Osaka,Kobe,Moji,Hakata,Taipei,Taichung,Hong Kong,Kaohsiung,Taipei,Taichung,Osaka"
842a,"Tokyo,Nagoya,Yokkaichi,Kobe,Kaohsiung,Hong Kong,Shenzhen,Singapore,Jakarta,Singapore,Hong Kong,Kaohsiung,Tokyo"
848p,"Ningbo-Zhoushan,Shanghai,Kaohsiung,Taichung,Keelung,Ningbo-Zhoushan"
849C,"Shanghai,Wenzhou,Naha,Keelung,Taichung,Kaohsiung,Shanghai"
849e,"Busan,Kwangyang,Pyongtaek,Tianjin,Dalian,Yingkou,Yantai,Qingdao,Shanghai,Ningbo-Zhoushan,Zhangjiagang,Taicang"
849i,"Shanghai,Ningbo-Zhoushan,Fuzhou,Fuzhou,Xiamen,Kaohsiung,Keelung"
849k,"Hong Kong,Xiamen,Fuzhou,Xiamen,Osaka,Kobe,Tokyo,Yokohama,Nagoya,Moji,Mizushima,Hitachinaka,Busan"
849m,"Xiamen,Fuzhou,Kaohsiung,Keelung"
862g,"Singapore,Laem Chabang,Singapore"
864f,"Singapore,Ho Chi Minh City,Singapore"
903b,"Rotterdam,Moerdijk,Hamburg,Bremerhaven,Stavanger,Haugesund,Aalesund,Bergen,Kristiansand,Tananger,Floro,Bodo,Maaloy,Mo-i-Rana,Stord,Husnes,Hogset,Austevoll,Mosjoen,Orkanger,Salten,Glomfjord"
905a,"Hamburg,Pori,Rauma,Hamburg"
M0642,"Port Said,Haifa,Koper,Trieste,Rijeka,Gioia Tauro,Port Said,King Abdullah,Salalah,Tanjung Pelepas,Ho Chi Minh City,Shenzhen,Shenzhen,Shenzhen,Shanghai,Long Beach,Oakland,Busan,Shanghai,Ningbo-Zhoushan,Shenzhen,Shenzhen,Singapore,Port Said"
M0644,"Antwerp,Felixstowe,Le Havre,Tangier,Singapore,Guangzhou,Hong Kong,Shenzhen,Xiamen,Los Angeles,Yokohama,Ningbo-Zhoushan,Shanghai,Shenzhen,Tanjung Pelepas,Sines,Antwerp"
M167,"Ashdod,Haifa,Istanbul,Novorossisk,Odessa,Istanbul,Haifa,Port Kelang,Ho Chi Minh City,Shenzhen,Shenzhen,Xiamen,Ningbo-Zhoushan,Shanghai,Busan,Vancouver (US),Busan,Qingdao,Shanghai,Ningbo-Zhoushan,Shenzhen,Port Kelang,Ashdod"
M177,"London-Gateway,Antwerp,Le Havre,Fos,La Spezia,Naples,Gioia Tauro,Reunion,Port Louis,Esperance,Sydney,Melbourne,Adelaide,Fremantle,Singapore,Colombo,Salalah,Djibouti,King Abdullah,Valencia,London-Gateway"
M187,"London-Gateway,Hamburg,Rotterdam,Le Havre,Fos,Genoa,Damietta,Reunion,Fremantle,Melbourne,Sydney,Adelaide,Singapore,Chennai,Colombo,Cochin,Damietta,Piraeus,Marsaxlokk,London-Gateway"
M191,"London-Gateway,Rotterdam,Dunkirk,Le Havre,NewYork-NewJersey,Savannah,Kingston,Cartagena (Col),Papeete,Noumea,Brisbane,Sydney,Melbourne,Tauranga,Nelson,Napier,Pisco,Paita,Manzanillo (Pan),Kingston,Philadelphia,London-Gateway"
90472,"Rotterdam,Hamburg,Aarhus,St Petersburg,Rotterdam"
